{
"a ciegas": 0.0,
"a dedo": 0.6,
"a dos velas": -0.2,
"a duras penas": -0.2,
"a flote": 1.0,
"a grito pelado": -0.2,
"a huevo": 1.0,
"a la deriva": -0.2,
"a la moda": 0.8,
"a la sombra": -0.6,
"a mamarla": -0.2,
"a mí plin": -0.2,
"a pesar de": 0.2,
"a salvo": 0.6,
"a todo correr": -0.2,
"a tope": 0.5,
"a trancas y barrancas": -0.2,
"a viva voz": -0.2,
"abajo": 0.3,
"abandonado": -0.2,
"abandonar": -0.2,
"abandono": 0.6,
"abaratar": 0.6,
"abatido": -0.2,
"abatirse": -0.2,
"abdicar": -0.2,
"aberración": 0.3,
"abofetear": -0.2,
"abogar por": 0.2,
"abominable": 0.6,
"abominación": -0.2,
"abordar": 0.4,
"aborrecer": -0.2,
"aborrecimiento": -0.2,
"aborto": -0.2,
"abrasador": -0.2,
"abrazar": 0.4,
"abrazarse": 0.2,
"abrazo": 0.7,
"abrazooooo": 0.2,
"abrazos": 0.7,
"abrumar": -0.2,
"absentismo": -0.2,
"absolver": 0.2,
"absorbente": 0.9,
"absurdamente": 0.6,
"absurdo": 0.1,
"abuchear": -0.2,
"abucheo": -0.2,
"abundancia": 0.6,
"abundante": 0.5,
"abundar": 0.2,
"aburrido": -0.1,
"aburrimiento": -0.5,
"aburrir": 0.5,
"abusar de": 0.5,
"abusica": -0.2,
"abusivo": 0.1,
"abuso": -0.1,
"abyectamente": -0.2,
"abyecto": -0.2,
"acalorado": -0.2,
"acatar": 0.2,
"acceder": 0.6,
"accidente": 0.4,
"acelerar": 0.9,
"aceptable": 0.5,
"aceptación": 0.9,
"aceptar": 0.8,
"acepto": 0.2,
"acertadamente": 0.2,
"acertado": 0.9,
"acertar": 0.8,
"achachay": 0.2,
"achalay": 0.2,
"achantado": -0.2,
"achaque": -1.0,
"achuchón": 0.2,
"aciago": -0.2,
"acierto": 0.9,
"aclamación": 0.2,
"aclamar": 0.2,
"aclarar": 0.5,
"aclararse": 1.0,
"acobardar": -0.2,
"acocojada": -0.2,
"acogedor": 0.5,
"acoger": 0.2,
"acoger con agrado": 0.2,
"acogida": 0.5,
"acojonado": -0.2,
"acomodarse": 0.2,
"acongojar": -0.2,
"aconsejable": 0.8,
"acordar": 0.5,
"acortarse": -0.2,
"acosar": -0.2,
"acoso": -0.2,
"acritud": -0.2,
"activo": 0.8,
"acuchillar": -0.2,
"acuerdo": 0.5,
"acusación": -0.2,
"acusar": -0.2,
"acusica": -0.2,
"adaptarse": 0.6,
"adecuadamente": 0.5,
"adecuado": 0.7,
"adelante": 0.9,
"adherente": 0.6,
"adherido": 0.7,
"adhesión": 0.2,
"adicción": 0.5,
"adicto": 0.6,
"adivinar": 0.2,
"adiós": 0.2,
"adjudicar": 0.2,
"admirable": 0.2,
"admiración": 1.0,
"admirador": 1.0,
"admirar": 0.8,
"admitir": 0.5,
"adoctrinamiento": 0.6,
"adorable": 0.8,
"adoración": 0.2,
"adorar": 1.0,
"adornar": 0.8,
"adulación": 0.2,
"adular": 0.2,
"adulteración": -0.2,
"adulterado": -0.2,
"adulterar": 0.2,
"adulterar con drogas": -0.2,
"adversario": -0.2,
"adversidad": -0.2,
"adverso": -0.2,
"advertencia": 0.2,
"afabilidad": 0.2,
"afable": 0.5,
"afanar": -0.2,
"afectado": 0.3,
"afectar": 0.2,
"afecto": 1.0,
"afectuoso": 0.2,
"afición": 1.0,
"afinidad": 0.2,
"afirmación": 1.0,
"afirmar": 0.6,
"aflicción": -0.2,
"afligidamente": -0.2,
"afligido": -0.2,
"afligir": -0.2,
"afligirse": -0.2,
"afortunadamente": 0.3,
"afortunado": 1.0,
"afrenta": -0.2,
"afrentar": -0.2,
"afuera": 0.1,
"agarrada": -0.2,
"agarrado": 0.0,
"agasajar": 0.2,
"agilidad": 0.8,
"agilmente": 0.2,
"agitación": -0.2,
"agitado": 0.1,
"agitador": -0.2,
"agolpamiento": -0.2,
"agotado": 0.3,
"agotador": 0.3,
"agotadoramente": -0.2,
"agotamiento": -0.2,
"agotar": 0.1,
"agradable": 0.5,
"agradablemente": 0.7,
"agradar": 1.0,
"agradecer": 0.6,
"agradecido": 0.7,
"agradecimiento": 0.7,
"agravamiento": -0.2,
"agravar": -0.2,
"agravio": -0.2,
"agredir": -0.2,
"agresivo": -0.2,
"agresión": -0.2,
"agresor": -0.2,
"agriamente": -0.2,
"agrietar": -0.2,
"agrietarse": -0.2,
"aguantar": 0.2,
"aguijón": -0.2,
"agusto": 0.8,
"ahogar": -0.2,
"ahogarse": -0.2,
"ahuecar el ala": -0.2,
"ahuyentar": -0.2,
"airado": -0.2,
"airar": -0.2,
"aislado": 0.0,
"ajeno": 0.2,
"ajetreado": 0.0,
"ajuste": 0.3,
"alabanza": 0.8,
"alabar": 0.1,
"alarma": 0.3,
"alarmante": -0.2,
"alarmantemente": -0.2,
"alarmar": 0.5,
"alborotado": -0.2,
"alborotador": -0.2,
"alboroto": -0.2,
"alcista": 0.2,
"alegrar": 1.0,
"alegrarse": 1.0,
"alegre": 0.9,
"alegremente": 0.2,
"alegro": 0.8,
"alegría": 0.7,
"aleluya": 0.2,
"alentador": 0.5,
"alentadoramente": 0.2,
"alerta": -0.2,
"aliado": 0.8,
"aliar": 0.2,
"aliarse": 0.2,
"aliciente": 0.4,
"alienación": -0.2,
"alienar": -0.2,
"alimentar": 0.7,
"alirón": 0.2,
"aliviar": 0.9,
"alta calidad": 0.8,
"alterado": -0.2,
"altercado": -0.2,
"altruista": 0.2,
"alucinación": -0.2,
"alucinar": 0.6,
"alucinar en colores": -0.2,
"alud": 0.3,
"alza": 0.8,
"amabilidad": 0.5,
"amable": 0.5,
"amablemente": 0.2,
"amado": 0.7,
"amalaya": -0.2,
"amar a": 0.6,
"amargadamente": -0.2,
"amargado": 0.0,
"amargamente": -0.2,
"amargar": -0.2,
"amargo": 0.6,
"amargura": 0.6,
"ambicioso": 0.2,
"ambición": 0.9,
"ambiguo": 0.6,
"ambigüedad": -0.2,
"ambivalente": -0.2,
"amenamente": 0.2,
"amenaza": 0.3,
"amenazador": -0.2,
"amenazadoramente": -0.2,
"amenazar": 0.6,
"ameno": 0.9,
"amigo": 0.8,
"amistad": 0.8,
"amistoso": 0.4,
"amnistía": 0.2,
"amonestación": -0.2,
"amonestar": -0.2,
"amor": 0.9,
"amor propio": 0.2,
"ampliar": 0.9,
"amplio": 0.6,
"ampolla": 0.4,
"ampollar": -0.2,
"ampollarse": -0.2,
"ampuloso": -0.2,
"amputar": -0.2,
"analfabeto": -0.2,
"andrajoso": -0.2,
"angustia": 0.6,
"angélico": 0.2,
"animado": 0.7,
"animar": 0.7,
"animarse": 1.0,
"animosidad": -0.2,
"aniquilación": -0.2,
"aniquilar": -0.2,
"anomalía": 0.2,
"anormal": -0.2,
"ansiedad": 0.6,
"ansioso": 0.1,
"antagonismo": -0.2,
"antagonista": -0.2,
"anticipar": 0.2,
"anticuado": -0.0,
"antihigiénico": -0.2,
"antinatural": -0.2,
"antipatico": -0.2,
"antipaticos": -0.2,
"antipatía": 0.0,
"antipático": -0.1,
"antojadizo": -0.2,
"antro": 0.0,
"anular": -0.2,
"anómalo": -0.2,
"apabullar": -0.2,
"apacible": 0.8,
"apaciguar": 0.2,
"apagado": 0.1,
"apalear": -0.2,
"aparentar": -0.2,
"apasionadamente": 0.2,
"apasionado": 0.7,
"apasionante": 1.0,
"apasionantemente": 0.2,
"apatía": -0.2,
"apenado": -0.2,
"apenas": 0.2,
"apestar": 0.6,
"apestoso": -0.2,
"apetecer": 1.0,
"apiñarse": -0.2,
"aplacar": 0.2,
"aplastar": 0.6,
"aplaudir": 1.0,
"aplicado": 0.4,
"apogeo": 0.2,
"apostar por": 1.0,
"apoyar": 0.6,
"apoyarse": 0.3,
"apoyo": 0.6,
"apreciable": 0.6,
"apreciación": 0.4,
"apreciado": 1.0,
"apreciar": 0.7,
"apreciar mucho": 0.2,
"aprecio": 0.7,
"apremiante": -0.2,
"apresurado": -0.2,
"apretar": 0.1,
"aprieto": -0.2,
"aprobación": 1.0,
"aprobado": 0.8,
"aprobar": 1.0,
"apropiadamente": 0.6,
"apropiado": 0.7,
"aprovechar": 0.7,
"aptitud": 1.0,
"aptitudes": 0.2,
"apto": 0.6,
"apuesta segura": 1.0,
"apuro": 0.2,
"apuñalar": -0.2,
"apático": -0.2,
"arbitrario": -0.2,
"arcaico": 0.2,
"arder": 0.4,
"ardid": 0.2,
"arduo": 0.6,
"arisco": 0.6,
"aristocrático": 0.2,
"armarla": 0.6,
"armoniosamente": 0.2,
"armonioso": 0.2,
"armonía": 1.0,
"arpía": -0.2,
"arrancar": 0.2,
"arrarray": -0.2,
"arrastrada": -0.2,
"arrastrado": -0.2,
"arrebatamiento": -0.2,
"arrebatar": -0.2,
"arreglado": 0.7,
"arreglar": 0.5,
"arremeter": -0.2,
"arrepentido": 0.6,
"arrepentirse de": 0.6,
"arriba": 0.5,
"arriesgado": 0.5,
"arriesgar": 0.3,
"arrogancia": -0.2,
"arrogante": -0.2,
"arrogantemente": -0.2,
"arropar": 0.2,
"arruinar": -0.2,
"arsa": 0.2,
"arte": 0.7,
"artimañas": -0.2,
"artista": 0.7,
"asaltacunas": -0.2,
"asaltar": -0.2,
"asalto": 0.5,
"ascendente": 0.4,
"ascender": 1.0,
"ascendiente": 0.2,
"asco": 0.3,
"aseado": 0.6,
"asediar": -0.2,
"asegurar": 0.7,
"asentarse": 0.2,
"asentimiento": 0.2,
"asentir": 0.2,
"asequible": 0.8,
"asesinar": -0.2,
"asesinato": -0.2,
"asesino": 0.5,
"asfixiar": -0.2,
"asfixiarse": -0.2,
"asiduo": 0.3,
"asignar": 0.5,
"asombrar": 1.0,
"asombrarse": 0.2,
"asombro": 0.8,
"asombrosamente": 0.2,
"asombroso": 1.0,
"aspereza": -0.2,
"aspiración": 0.7,
"aspirar": 0.7,
"asquerosamente": -0.2,
"asqueroso": 0.6,
"astucia": 0.4,
"astutamente": 0.2,
"astuto": 0.2,
"asustar": 0.3,
"asustarse": 0.6,
"atacar": 0.6,
"ataque": 0.1,
"ataque de histeria": -0.2,
"ataque violento": -0.2,
"atascar": 0.3,
"atatay": 0.2,
"atemorizar": -0.2,
"atención exquisita": 0.2,
"atentado": -0.2,
"atentamente": -0.2,
"atento": 0.5,
"aterrorizar": -0.2,
"atestar": -0.2,
"atontar": -0.2,
"atormentar": -0.2,
"atosigar": -0.2,
"atracción": 0.4,
"atraco": 0.6,
"atractivo": 0.8,
"atraer": 1.0,
"atrasado": -0.2,
"atrasarse": -0.2,
"atrayente": 0.3,
"atreverse": 1.0,
"atrevidamente": 0.2,
"atrevido": 1.0,
"atrevimiento": 0.2,
"atrocidad": -0.2,
"atrofiar": -0.2,
"atropellar": -0.2,
"atropello": 0.6,
"atroz": -0.2,
"atrozmente": -0.2,
"atrás": 0.3,
"aturdimiento": -0.2,
"aturdir": -0.2,
"atónito": -0.2,
"audacia": 0.2,
"audaz": 0.6,
"audazmente": 0.2,
"aumentar": 0.7,
"aumento en valor": 0.2,
"ausente": 0.3,
"austeridad": -0.2,
"autenticamente": 0.2,
"autoritario": -0.2,
"autorizado": 0.2,
"autorizar": 1.0,
"auténtico": 0.8,
"autónomo": 0.4,
"avalancha": 0.2,
"avance": 0.4,
"avance importante": 0.2,
"avanzado": 0.7,
"avanzar": 0.5,
"avaramente": -0.2,
"avaricia": 0.6,
"avaro": -0.2,
"aventajar": 0.2,
"aventura": 0.9,
"aventurero": 0.7,
"avergonzado": 0.6,
"averiarse": 0.2,
"aversión": 0.6,
"avería": 0.3,
"avezar": 0.2,
"avidamente": 0.2,
"avivar": 0.2,
"avivarse": 0.2,
"axfisiante": -0.2,
"ay de mí": -0.2,
"ayuda": 0.7,
"ayuda económica": 0.2,
"ayudar": 0.7,
"azotar": -0.2,
"azote": 0.1,
"azucarar": 0.2,
"año catapún": -0.2,
"año de la pera": -0.2,
"añorar": -0.2,
"aúpa": 0.2,
"baba": 0.3,
"bacanal": 0.2,
"bache": 0.3,
"bah": -0.2,
"bailar": 0.9,
"baile": 1.0,
"baja": 0.2,
"baja calidad": -0.2,
"bajo": 0.3,
"bajon": 0.6,
"bajón": -0.2,
"balbucear": -0.2,
"baldada": -0.2,
"baldado": 0.6,
"baldao": -0.2,
"baldío": -0.2,
"banal": -0.2,
"bandazo": -1.0,
"banzai": 0.2,
"barato": 0.6,
"barbaridad": 0.3,
"barbullar": -0.2,
"barco naufragado": -0.2,
"barrote": -0.0,
"bastardo": -0.2,
"basto": 0.2,
"bastorra": -0.2,
"bastorro": -0.2,
"basura": 0.1,
"bazofia": -1.0,
"beatificar": 0.2,
"beca": 0.7,
"belicoso": -0.2,
"beligerante": -0.2,
"beligerantemente": -0.2,
"bellamente": 0.2,
"belleza": 0.9,
"bello": 0.6,
"bendecir": 0.2,
"bendición": 0.2,
"bendito": 0.8,
"benefactor": 0.2,
"beneficiar": 0.2,
"beneficiario": 0.2,
"beneficiarse": 0.2,
"beneficio": 0.6,
"beneficiosamente": 0.2,
"beneficioso": 0.8,
"benevolencia": 0.2,
"benigno": 0.2,
"benéfico": 0.5,
"benévolo": 0.2,
"berrinche": 0.6,
"besar": 0.6,
"besarse": 0.2,
"besitos": 1.0,
"beso": 0.9,
"besos": 0.9,
"bestia": 0.5,
"bestial": 0.5,
"bien": 0.6,
"bien arreglado": 0.2,
"bien definido": 0.7,
"bien educado": 0.4,
"bien intencionado": 0.2,
"bien m": 0.5,
"bien situado": 0.5,
"bienes": 0.8,
"bienestar": 0.8,
"bienvenida": 0.7,
"bienvenido": 0.6,
"bienvenidos": 0.2,
"birlar": -0.2,
"birria": -0.2,
"blanquear": -0.2,
"blasfemar": -0.2,
"blasfemia": -0.2,
"blasfemo": -0.2,
"bloquear": 0.3,
"bloqueo": 0.2,
"bobo": 0.2,
"bocata": 0.5,
"bocazas": -0.2,
"bochornoso": -0.4,
"bodrio": -0.2,
"bofetada": -0.2,
"boicot": -0.2,
"boicotear": -0.2,
"boludo": -0.2,
"bombardear": -0.2,
"bondad": 0.2,
"bondadosamente": 0.2,
"bondadoso": 0.2,
"bonito": 0.8,
"borde": 0.2,
"borracho": -0.2,
"borrar": 0.5,
"borroso": -0.2,
"borrón": -0.2,
"bostezar": -0.2,
"bostezo": -0.2,
"bravo": 1.0,
"brecha": -0.2,
"bribón": -0.2,
"brillante": 0.8,
"brillantemente": 0.2,
"brillantez": 0.8,
"brillar": 1.0,
"brillo": 0.7,
"brindar": 0.6,
"brindar por": 0.2,
"brindis": 0.2,
"bromear": -0.2,
"bronca": 0.2,
"bronco": -0.2,
"bruja": 0.6,
"bruscamente": -1.0,
"brusco": 0.2,
"brutalidad": 0.6,
"brutalmente": -0.2,
"bruto": 0.2,
"bss": 0.2,
"buen": 0.7,
"buena": 0.7,
"buena voluntad": 0.5,
"buenas": 0.7,
"buenas noches": 0.6,
"buenisima": 0.8,
"buenisimas": 0.9,
"buenisimo": 0.8,
"buenisimos": 0.9,
"bueno": 0.7,
"buenos": 0.7,
"buenos dias": 0.2,
"buenos días": -0.6,
"buenosdias": 0.2,
"buenosdías": 0.2,
"buens": 0.8,
"buenísima": 0.8,
"buenísimo": 0.8,
"buf": 0.1,
"bufar": -0.2,
"bufón": -0.2,
"buitre": -0.2,
"bujarra": -0.2,
"bula": 0.8,
"bullicioso": -0.2,
"burla": -0.2,
"burlarse": -0.2,
"burlarse de": -0.2,
"burlón": -0.2,
"buscar evasivas": -0.2,
"bárbaro": 0.2,
"caballeriza": 0.2,
"caballero": 0.0,
"caballerosidad": 0.2,
"caballeroso": 0.2,
"cabestro": -0.2,
"cabeza de turco": -0.2,
"cabrear": 0.6,
"cabrearse": -0.2,
"cabrón": -0.2,
"caca": 0.1,
"cachete": 0.2,
"caco": 0.5,
"caducar": -0.2,
"cadáver": -0.2,
"caer": 0.2,
"caer gordo": -0.2,
"caerse": 0.3,
"cagarse": -0.2,
"caguendiós": -0.2,
"cagueta": -0.2,
"calabozo": -0.2,
"calamidad": -0.2,
"calcinar": -0.2,
"calcular mal": -0.2,
"calidad": 0.7,
"calidad positiva": 0.2,
"calidamente": 0.2,
"calidez": 0.5,
"caliente": 0.8,
"calma": 0.8,
"calmar": 0.7,
"calmarse": 1.0,
"calumnia": -0.2,
"calumniar": -0.2,
"calumnioso": -0.2,
"calurosamente": 0.2,
"calzonazos": -0.2,
"camarada": 0.2,
"camelar": -0.2,
"campeón": 1.0,
"canalla": -0.2,
"canastos": -0.2,
"cancelar": 0.2,
"canela fina": 0.2,
"canijo": -0.2,
"cansado": 0.2,
"cansancio": -0.1,
"cansar": 0.2,
"cansarse": -0.2,
"cansina": 0.2,
"cansino": -0.2,
"cante": 0.3,
"caníbal": -0.2,
"caos": 0.6,
"capacidad": 0.7,
"capacitado": 0.4,
"capaz": 0.6,
"capitular": -0.2,
"caprichosamente": -0.2,
"caprichoso": -0.2,
"caracho": -0.2,
"caracoles": -0.2,
"caradura": -1.0,
"carajo": -0.2,
"caramelo": 0.6,
"carecer de": 0.6,
"carencia": 0.2,
"carente de": -0.2,
"cariarse": -0.2,
"caricaturizar": -0.2,
"caridad": 0.2,
"caries": 0.6,
"carisimo": -0.1,
"carismático": 1.0,
"caritativo": 0.2,
"cariño": 0.8,
"cariñosamente": 0.2,
"cariñoso": 0.4,
"caro": 0.2,
"carísimo": 0.1,
"caso omiso": -0.4,
"castigar": 0.2,
"castigo": 0.6,
"cataclismo": -0.2,
"catarro": -0.2,
"cate": 0.2,
"cateta": -0.2,
"cateto": -0.2,
"catástrofe": 0.6,
"causar molestia a": -0.2,
"causticamente": -0.2,
"cautivar": 0.8,
"cautivo": 0.2,
"caza": 0.5,
"caída": 0.3,
"caótico": 0.6,
"ceder": 0.1,
"cegar": -0.2,
"ceguera": -0.2,
"celebración": 0.6,
"celebrar": 0.2,
"celestial": 1.0,
"celos": 0.3,
"celoso": 0.6,
"cenit": 0.3,
"censura": 0.6,
"censurar": -0.2,
"cerebro": 0.6,
"cerrar": 0.1,
"certeramente": 0.2,
"certero": 1.0,
"ceño": -0.2,
"ceñudo": -0.2,
"chachi": 0.2,
"chafar": -0.2,
"chafarse": -0.2,
"chalado": -0.2,
"chantaje": -0.2,
"chapado a la antigua": -0.2,
"chapero": -0.2,
"chapucear": -0.2,
"chapucero": 0.2,
"chapuza": -0.4,
"charlatán": -0.2,
"charnega": -0.2,
"charnego": -0.2,
"chasco": -0.4,
"chiflado": -0.2,
"chillar": -0.2,
"chillido": -0.2,
"chillón": 0.5,
"chinche": -0.2,
"chinga tu madre": -0.2,
"chingon": -0.2,
"chirria": -0.4,
"chirrian": -0.4,
"chirriante": -0.4,
"chirriar": -0.6,
"chirrido": -0.8,
"chismes": 0.1,
"chispa": 0.8,
"chisporrotear": -0.2,
"chitón": -0.2,
"chivato": -0.2,
"chivo expiatorio": -0.2,
"chocante": 0.6,
"chocantemente": -0.2,
"chocar": 0.3,
"choque": 0.5,
"choque violento": -0.2,
"chorretones": -0.2,
"chota": -0.2,
"chulesco": -0.2,
"chulo": 0.4,
"chupatintas": -0.2,
"chupi": 0.2,
"chupón": -0.2,
"chupóptera": -0.2,
"chupóptero": -0.2,
"churro": 0.6,
"chusma": -0.2,
"cicatriz": 0.6,
"ciegamente": 0.6,
"cielos": 0.2,
"cierto": 0.7,
"cima": 0.7,
"cinismo": -0.2,
"civilizar": 0.2,
"claramente": 0.6,
"claridad": 0.7,
"claro": 0.7,
"claustrofóbico": -0.2,
"clavar": 0.4,
"coaccionar": -1.0,
"coacción": -0.2,
"cobarde": 0.6,
"cobardía": -0.2,
"cobijo": 0.2,
"cocer demasiado": -0.2,
"cochambroso": 0.2,
"coco": 0.5,
"codazo": -0.2,
"codicia": -0.2,
"codicioso": -0.2,
"coherencia": 0.6,
"coherente": 0.4,
"cohesivo": 0.2,
"cohesión": 1.0,
"coincidir": 0.7,
"cojear": -0.2,
"cojera": 0.2,
"cojo": 0.2,
"cojones": -0.2,
"cojonuda": 1.0,
"cojonudo": 1.0,
"colaboración": 1.0,
"colaborar": 0.6,
"colapsado": -0.2,
"colapso": -0.2,
"colar": 0.1,
"colegui": 0.2,
"colgada": 0.3,
"colgado": 0.3,
"colisionar": -0.2,
"colmo": -0.7,
"colocar una bomba en": -0.2,
"colosal": 1.0,
"colusión": -0.2,
"colérico": -0.2,
"combate": 0.4,
"combatir": 0.1,
"comedia": 0.1,
"comentario desdeñoso": -0.2,
"comerciar": 0.2,
"comerse el tarro": -0.2,
"comerse la olla": -0.2,
"comerse un marrón": -0.2,
"cometer un desliz": -0.2,
"como dios manda": 0.3,
"comodas": 0.7,
"comodidad": 0.6,
"comodísima": 0.8,
"comodísimas": 0.8,
"compacto": 0.8,
"compadecerse": -0.2,
"compartir": 0.8,
"compasivo": 0.2,
"compasión": 0.9,
"compatible": 0.5,
"compañero": 0.7,
"compensar": 0.7,
"competente": 0.7,
"competitivo": 0.8,
"compis": 0.4,
"complacer": 0.2,
"complaciente": 0.2,
"complicación": 0.6,
"complicado": 0.3,
"complicar": 0.4,
"complot": -0.2,
"comportarse como un loco": -0.2,
"comportarse mal": -0.2,
"comprender": 0.8,
"comprensivo": 0.2,
"comprensión": 0.8,
"comprometer": 0.2,
"compromiso": 0.6,
"con afán": 0.2,
"con amargura": -0.2,
"con claridad": 0.7,
"con cuidado": 0.5,
"con desprecio": -0.2,
"con engreimiento": -0.2,
"con entusiasmo": 0.2,
"con esperanza": 0.2,
"con experiencia": -0.1,
"con ilusión": 0.2,
"con mucho": 0.7,
"con mucho gusto": 0.6,
"con razón": 0.5,
"con recelo": -0.2,
"con rencor": -0.2,
"con seguridad": 0.6,
"con soltura": 0.9,
"con tendencia alcista": 0.2,
"conceder": 0.2,
"concha tu madre": -0.2,
"concienzudo": 0.2,
"conciliación": 0.2,
"conciliar": 0.2,
"conciliatorio": 0.2,
"concluyente": 0.2,
"concordancia": 1.0,
"concordar": 0.2,
"concreto": 0.5,
"condena": 0.6,
"condenación": -0.2,
"condenado": -0.2,
"condenar": -0.2,
"condenar al ostracismo": -0.2,
"condescendencia": -0.2,
"condescendiente": -0.2,
"condolencia": -0.2,
"confabulación": -0.2,
"conferir": 0.2,
"confesar": 0.3,
"confesarse": -0.2,
"confesión": -0.2,
"confianza": 0.5,
"confiar": 0.6,
"confiar en": 0.7,
"conflicto": 0.5,
"conflictos": 0.5,
"conforme": 0.6,
"confort": 0.5,
"confortable": 0.5,
"confrontación": 0.6,
"confrontar": -0.2,
"confundido": 0.5,
"confundir": 0.4,
"confusión": 0.1,
"confuso": 0.3,
"congestionado": -0.2,
"congestión": 0.6,
"conmocionar": -0.2,
"conmovedor": 0.9,
"conocer": 0.6,
"consagración": 1.0,
"consagrar": 0.2,
"consecuente": 0.9,
"conseguir": 0.8,
"consenso": 0.2,
"consentimiento": 1.0,
"consideración": -0.6,
"consideradamente": 0.2,
"considerado": 1.0,
"consolar": 0.2,
"consolidar": 0.2,
"conspiración": 0.6,
"conspirador": -0.2,
"conspirar": -0.2,
"constancia": 0.4,
"consternación": -0.2,
"consternar": -0.2,
"constreñimiento": -0.2,
"constreñir": -0.2,
"constructivo": 0.2,
"consuelo": 1.0,
"contagiar": -0.2,
"contagioso": -0.2,
"contaminación": 0.0,
"contaminado": 0.2,
"contaminar": -0.2,
"contar con": 0.6,
"contencioso": -0.2,
"contentar": 0.6,
"contento": 0.8,
"contestar con evasivas": -0.2,
"contienda": -0.2,
"continuidad": 0.6,
"contra": 0.3,
"contradecir": -0.2,
"contradicción": -0.2,
"contradictorio": -0.2,
"contraproducente": -0.2,
"contrariado": -0.2,
"contrariar": -0.2,
"contrario": 0.2,
"contratiempo": 0.1,
"contravenir": -0.2,
"contribución": 0.2,
"controversia": -0.2,
"controvertido": 0.6,
"contusionar": -0.2,
"contusionarse": -0.2,
"contusión": -0.2,
"convencer": 0.6,
"conveniente": 0.7,
"convenientemente": 1.0,
"convenio": 0.6,
"convenir a": 0.2,
"convicción": 1.0,
"convidar": 0.2,
"convincente": 0.7,
"convincentemente": 0.2,
"convite": 0.2,
"cool": 0.7,
"cooperador": 0.2,
"cooperar": 0.4,
"cooperativamente": 0.2,
"cooperativo": 0.2,
"copiosamente": 0.2,
"coqueto": 0.7,
"cordial": 0.5,
"cordialidad": 0.5,
"cordura": 0.2,
"corrección": 0.6,
"correctamente": 0.5,
"correcto": 0.6,
"corregir": 0.4,
"corroer": -0.2,
"corromper": 0.2,
"corromperse": -0.2,
"corrompido": -0.2,
"corrosivo": -0.2,
"corrosión": 0.6,
"corrupcion": -0.2,
"corrupción": -0.2,
"corrupto": -0.2,
"cortado": 0.2,
"cortante": 0.4,
"cortar": 0.3,
"cortejar": 0.2,
"cortesmente": 0.2,
"cortesía": 0.5,
"cortés": 0.2,
"costar": 0.3,
"costear": 0.2,
"costoso": 0.3,
"cotilla": -0.2,
"coñazo": 0.1,
"coño": -0.2,
"crack": 0.5,
"creativo": 0.7,
"crecer": 0.4,
"crespo": -0.2,
"creíble": 0.8,
"creído": 0.2,
"crimen": -0.2,
"criminal": -0.2,
"crisis": 0.3,
"crisis económica": -0.2,
"criticar": 0.5,
"cruel": -0.2,
"crueldad": -0.2,
"cruelmente": -0.2,
"crédulo": -0.2,
"crítica": 0.2,
"crítico": 0.5,
"cuadrar": 0.7,
"cualificado": 0.2,
"cucaracha": -0.1,
"cuerdo": 0.7,
"cuestionable": 0.0,
"cuestionar": 0.2,
"cuidado": 0.2,
"cuidadosamente": 0.4,
"cuidadoso": 0.6,
"cuidar": 0.5,
"culpa": -0.0,
"culpabilidad": 0.6,
"culpable": 0.4,
"culpar": -0.4,
"culto": 0.8,
"cumbre": 0.8,
"cumpleaños": 0.8,
"cumplido": 0.8,
"cumplir": 0.6,
"cumplir con": 0.8,
"curar": 0.7,
"curarse": 1.0,
"curioso": 0.8,
"cutre": 0.0,
"cutrez": -0.2,
"cálida bienvenida": 0.2,
"cálido": 0.7,
"cáncer": 0.4,
"cárcel": -0.2,
"cáustico": -0.2,
"célebre": 0.2,
"céntrico": 0.5,
"cínicamente": -0.2,
"cínico": -0.2,
"cólera": -0.2,
"cómico": 0.3,
"cómodo": 0.7,
"córcholis": -0.2,
"dabuten": 0.2,
"dabuti": 0.2,
"danza": 0.7,
"dar": 0.7,
"dar asco": -0.2,
"dar confianza a": 0.2,
"dar ejemplo a": 0.2,
"dar el visto bueno a": 0.2,
"dar gusto": 0.2,
"dar la bienvenida a": 0.2,
"dar la lata": -0.2,
"dar la tabarra a": -0.2,
"dar las gracias a": 0.4,
"dar un puñetazo a": -0.2,
"dar un traspié": -0.2,
"dar una bofetada a": -0.2,
"dar una paliza a": -0.2,
"dañar": 0.3,
"dañino": -0.2,
"daño": 0.2,
"daños y perjuicios": -0.2,
"de acuerdo": 0.5,
"de alto standing": 0.6,
"de boquilla": -0.2,
"de buen augurio": 0.2,
"de buen rendimiento": 0.2,
"de buen ver": 0.2,
"de buena gana": 0.2,
"de coña": 0.3,
"de espíritu competitivo": 0.2,
"de fantasía": 1.0,
"de fiar": 0.4,
"de la acera de enfrente": -0.2,
"de mal agüero": -0.2,
"de mal en peor": -0.2,
"de mal gusto": -0.6,
"de mala calidad": -0.2,
"de mala gana": -0.2,
"de mala manera": 0.6,
"de mala reputación": -0.2,
"de milagro": 0.2,
"de modo sospechoso": -0.2,
"de oro": 0.6,
"de poca confianza": -0.2,
"de precisión": 0.7,
"de primera": 0.7,
"de primera clase": 1.0,
"de sentido común": 1.0,
"debatir": -0.2,
"deber": 0.1,
"debilidad": 0.2,
"debilitar": -0.2,
"debilitarse": -0.2,
"debilmente": -0.2,
"debilucho": 0.6,
"decadencia": 0.3,
"decadente": -0.3,
"decencia": -0.6,
"decente": 0.6,
"decentemente": 0.3,
"decepcion": -0.2,
"decepcionante": -0.3,
"decepcionar": 0.2,
"decepción": -0.6,
"decidido": 0.8,
"decir palabrotas": -0.2,
"decisivo": 1.0,
"declarar inhabitable": -0.2,
"declarar inocente": 0.2,
"declinar": -0.6,
"decrépito": -0.2,
"dedicación": 0.5,
"dedicar": 0.8,
"dedicatoria": -0.6,
"defectivo": -0.2,
"defecto": 0.1,
"defectos": 0.1,
"defectuosamente": -0.2,
"defectuoso": -0.5,
"defender": 0.5,
"defensa": 0.2,
"defensor": 0.4,
"deficiencia": -0.1,
"deficiente": -0.4,
"deficit": -0.2,
"definido": 0.8,
"deformación": -0.2,
"deformar": -0.2,
"deforme": 0.2,
"defraudador": -0.2,
"defunción": -0.2,
"degeneración": -0.2,
"degeneradamente": -0.2,
"degenerado": -0.2,
"degenerar": -0.2,
"degraciadamente": -0.2,
"degradación": -0.2,
"degradante": -0.2,
"degradar": 0.6,
"degustacion": 1.0,
"degustación": 0.2,
"degustar": 1.0,
"dejadez": 0.6,
"dejado": 0.1,
"dejar": 0.7,
"dejar cicatriz": -0.2,
"dejar ciego": -0.2,
"dejar cojo": -0.2,
"dejar confuso a": -0.2,
"dejar perplejo": -0.2,
"dejar plantado": -0.2,
"deleitar": 0.2,
"deleitarse": 1.0,
"deleite": 1.0,
"delicadeza": 0.7,
"delicia": 0.9,
"deliciosamente": 0.2,
"delicioso": 0.7,
"delincuencia": -0.2,
"delincuente": -0.2,
"delirante": -0.2,
"delito": -0.2,
"demacrado": -0.2,
"demasiado": 0.2,
"demencia": 0.3,
"demente": -0.2,
"democrático": 0.2,
"demoler": -0.2,
"demonio": 0.0,
"demonios": 0.6,
"demontre": -0.2,
"denegación": -0.2,
"denegar": -0.2,
"denuncia": -0.5,
"denunciable": -0.6,
"denunciar": -0.2,
"deplorable": -0.2,
"deplorar": -0.2,
"depravar": -0.2,
"depre": 0.5,
"depresion": -0.2,
"depresión": 0.6,
"deprimente": -0.2,
"deprimentemente": -0.2,
"deprimir": -0.2,
"derecho": -0.0,
"deriva": 0.4,
"derribar": -0.2,
"derribarse": -0.2,
"derrochador": -0.2,
"derrochar": -0.2,
"derroche": 0.6,
"derrota": -0.2,
"derrotar": -0.2,
"derrumbamiento": -0.2,
"derrumbarse": -0.2,
"desacato": -0.2,
"desaceleración": -0.2,
"desacertado": -0.2,
"desaconsejable": -0.4,
"desaconsejar": -0.2,
"desacreditar": -0.2,
"desacuerdo": -0.2,
"desafiante": -0.2,
"desafiantemente": -0.2,
"desafiar": -0.2,
"desafilado": -0.2,
"desafinar": -0.2,
"desafortunadamente": 0.2,
"desafortunado": -0.2,
"desagradable": -0.1,
"desagradablemente": -0.2,
"desagradecido": -0.2,
"desahuciar": -0.2,
"desairar": -0.2,
"desaire": -0.2,
"desalentado": -0.2,
"desalentador": -0.2,
"desalentadoramente": -0.2,
"desalentar": -0.2,
"desaliento": -0.2,
"desaliñar": -0.2,
"desanimadamente": -0.2,
"desanimado": -0.2,
"desanimar": 0.6,
"desapacible": -0.2,
"desapaciblemente": -0.2,
"desaparecer": 0.1,
"desaparición": 0.2,
"desaprobación": -0.2,
"desaprobar": -0.2,
"desaprovechar": -0.2,
"desarmar": 0.6,
"desarmarse": -0.2,
"desarraigar": -0.2,
"desarrollar": 0.5,
"desarrollo": 0.7,
"desasosegar": -0.2,
"desasosiego": 0.6,
"desastre": -0.3,
"desastrosamente": -0.2,
"desastroso": 0.3,
"desatascar": 0.4,
"desatascarse": 0.2,
"desatento": -0.2,
"desavenencia": -0.2,
"desbandada": -0.2,
"desbandarse": -0.2,
"desbarajuste": -0.2,
"desbaratar": -0.2,
"descabelladamente": -0.2,
"descabellado": 0.6,
"descansar": 0.6,
"descanso": 0.6,
"descaradamente": -0.2,
"descarado": -0.2,
"descaro": 0.6,
"descenso": 0.5,
"descomponerse": -0.2,
"descomposición": -0.2,
"desconcertar": 0.6,
"desconcierto": -0.2,
"desconfiadamente": -0.2,
"desconfiado": -0.2,
"desconfianza": -0.2,
"desconfiar": -0.4,
"desconfiar de": -1.0,
"desconocidamente": -0.2,
"desconocido": 0.1,
"desconsiderado": -0.2,
"desconsoladamente": 0.6,
"desconsolado": 0.6,
"desconsuelo": -0.2,
"descontento": -0.8,
"descorazonar": -0.2,
"descortesmente": -0.2,
"descortés": -0.2,
"descrédito": -0.2,
"descubrimiento": 0.9,
"descubrir el pastel": -0.2,
"descuidado": -0.1,
"descuidar": 0.6,
"descuido": 0.2,
"desdeñar": -1.0,
"desdeñosamente": -0.2,
"desdeñoso": -0.2,
"desdicha": 0.6,
"desdichado": -0.2,
"desdén": -0.2,
"deseable": 0.5,
"desear": 0.3,
"desechado": 0.2,
"desecho": 0.2,
"desechos": -0.2,
"desencaminado": -0.2,
"desencantar": -0.2,
"desenmarañar": -0.2,
"desenmarañarse": -0.2,
"desentonar": -0.2,
"deseo": 0.5,
"desequilibrado": 0.2,
"desequilibrio": -0.2,
"deserción": -0.2,
"desertar": -0.2,
"desesperación": -0.6,
"desesperadamente": -0.2,
"desesperado": 0.4,
"desesperante": 0.0,
"desesperar": 0.6,
"desesperarse": -0.2,
"desfachatez": -1.0,
"desfavorable": 0.6,
"desfavorecido": -0.2,
"desfigurar": -0.2,
"desgana": -0.2,
"desganar": -0.2,
"desgarbado": -0.2,
"desgarrador": 0.6,
"desgastar": 0.6,
"desgaste": 0.2,
"desgracia": 0.1,
"desgraciadamente": 0.1,
"desgraciado": -0.2,
"deshacer": 0.1,
"desharrapado": -0.2,
"desheredar": -0.2,
"deshilachado": -0.2,
"deshonestamente": -0.2,
"deshonestidad": -0.2,
"deshonesto": -0.2,
"deshonrar": -0.2,
"desierto": 0.5,
"desigualdad": -0.2,
"desilusion": -0.1,
"desilusionar": -0.2,
"desilusión": -0.6,
"desintegración": -0.2,
"desintegrar": -0.2,
"desintegrarse": -0.2,
"desinteresado": 0.2,
"desleal": -0.2,
"deslealtad": -0.2,
"desliz": 0.4,
"deslumbramiento": 0.2,
"deslumbrar": 0.2,
"deslustrar": -0.2,
"deslustrarse": -0.2,
"desmayarse": -0.2,
"desmedido": 0.6,
"desmentir": 0.6,
"desmesurado": 0.6,
"desmesurar": -0.2,
"desmoralizar": -0.2,
"desmoronarse": -0.2,
"desobedecer": -0.2,
"desobediencia": -0.2,
"desobediente": -0.2,
"desolación": 0.6,
"desoladamente": -0.2,
"desolado": -0.2,
"desorbitado": 0.2,
"desorbitar": -0.2,
"desorden": 0.3,
"desordenado": -0.1,
"desordenar": -0.2,
"desorganización": -0.2,
"desorganizado": -1.0,
"desorganizar": -0.2,
"desorientar": -0.2,
"desorvitados": -0.2,
"despachar rápidamente": -0.2,
"despacio": 0.2,
"despectivamente": -0.2,
"despectivo": -0.2,
"despedida": 0.6,
"despedido": 0.2,
"despedir": 0.6,
"despeinar": 0.5,
"despejado": 1.0,
"despejar": 0.9,
"despejarse": 0.2,
"desperdiciar": -0.2,
"desperdicio": 0.2,
"desperfecto": 0.1,
"despiadadamente": -0.2,
"despiadado": -0.2,
"despido": -0.2,
"despilfarrar": -0.2,
"despilfarro": 0.6,
"despistado": 0.2,
"despistar": -0.2,
"despitorrarse": -0.2,
"desplazar": 0.2,
"desplomarse": -0.2,
"despoticamente": -0.2,
"despotismo": -0.2,
"despreciable": 0.1,
"despreciar": -0.2,
"despreciativamente": -0.2,
"despreciativo": -0.2,
"desprecio": 0.6,
"despreocupación": 0.6,
"desprestigiar": -0.2,
"desproporcionado": 0.6,
"despropositos": -0.2,
"despropósito": 0.3,
"desprovisto": -0.2,
"despótico": -0.2,
"desregulación": -0.2,
"destacadamente": 0.2,
"destacado": 1.0,
"destacar": 0.7,
"destacarse": 0.2,
"destartalado": -0.2,
"desterrado": 0.4,
"desterrar": 0.2,
"destierro": -0.2,
"destreza": 0.5,
"destrozar": 0.5,
"destrucción": 0.4,
"destructivo": 0.0,
"destructor": 0.4,
"destruir": -0.2,
"desvalido": -0.2,
"desvalorizar": -0.2,
"desvanecer": -0.2,
"desvencijado": -0.2,
"desventaja": 0.2,
"desventajoso": -0.2,
"desvergonzadamente": -0.2,
"desvergonzado": -0.2,
"desviación": 0.6,
"desviarse": 0.6,
"desvirtuar": -0.2,
"desánimo": -0.2,
"detallista": 0.2,
"detención": -0.2,
"detener": 0.2,
"detenido": 0.2,
"deteriorar": 0.5,
"deteriorarse": -0.2,
"deterioro": 0.5,
"determinado": 0.7,
"detestable": -0.2,
"detestablemente": -0.2,
"detestar": -0.2,
"detrimento": -0.2,
"deuda": 0.6,
"devaluar": -0.2,
"devastador": -0.2,
"devastadoramente": -0.2,
"devastar": -0.2,
"devoción": 0.2,
"devoto": 0.2,
"diaaaaaas": 0.2,
"diaaaaas": 0.2,
"diaaaas": 0.2,
"diaaas": 0.2,
"diaaasss": 0.2,
"diaas": 0.2,
"diablo": -0.2,
"diablos": -0.2,
"diabolicamente": -0.2,
"diabólico": -0.2,
"diantre": -1.0,
"diantres": -1.0,
"diass": 0.2,
"diasss": 0.2,
"diassss": 0.2,
"diasssss": 0.2,
"dicha": 0.6,
"dictador": -0.2,
"dictadura": 0.0,
"dictatorial": -0.2,
"diestro": 0.6,
"difamación": -0.2,
"difamar": -0.2,
"difamar a": -0.2,
"difamatoriamente": -0.2,
"difamatorio": -0.2,
"dificil": 0.2,
"dificultad": 0.3,
"dificultar": 0.4,
"difunto": -0.2,
"difuso": -0.4,
"difícil": 0.2,
"difícil de manejar": -0.2,
"dignarse": -0.2,
"dignidad": -0.6,
"dignificar": 0.2,
"digno": 0.5,
"digno de confianza": 0.2,
"digno de mención": 0.2,
"diias": 0.2,
"diiias": 0.2,
"diiiias": 0.2,
"dilema": 0.5,
"diligencia": 0.5,
"diligente": 0.6,
"diligentemente": 0.2,
"diluvio": -0.2,
"dimisión": -0.2,
"dimitir": -0.2,
"dinámico": 0.9,
"dios": 0.3,
"diplomático": 0.2,
"directo": 0.8,
"disciplinado": 0.2,
"disconformidad": -0.2,
"discordante": -0.0,
"discordia": -0.2,
"discreción": 1.0,
"discrepar": -0.2,
"discreto": 0.8,
"discriminación": -1.0,
"discriminar": -0.2,
"disculpar": -0.2,
"discusión": 0.6,
"discutible": 0.4,
"discutir": -0.2,
"disensión": -0.2,
"disentir": -0.2,
"disfruta": 0.8,
"disfrutar": 0.8,
"disfrutar de": 0.8,
"disfrute": 0.8,
"disgustado": -1.0,
"disgustar": -0.2,
"disgusto": -0.1,
"dislocar": -0.2,
"disminución": 0.3,
"disminuir": 0.5,
"disolución": 0.2,
"disolver": -0.2,
"disolverse": -0.2,
"disparatadamente": -0.2,
"disparatado": -0.2,
"disparate": -0.2,
"disponible": 0.6,
"dispuesto": 0.5,
"disputa": 0.0,
"disputar": -0.2,
"distante": 0.0,
"distinción": 0.2,
"distinguido": 0.6,
"distinguirse": 0.2,
"distorsionar": 0.2,
"distracción": -0.2,
"distraer": 0.4,
"distraído": -0.2,
"disuadir": -0.2,
"disuasivo": -0.2,
"diver": 0.8,
"diversión": 0.8,
"divertido": 0.8,
"divertir": 0.6,
"dividir": 0.3,
"dividirse": -0.2,
"divinamente": 1.0,
"divino": 0.6,
"división": 0.2,
"divorciar": 0.6,
"divorciarse": 0.6,
"divorcio": -0.6,
"diñarla": -0.2,
"doblado": 0.1,
"dogmático": -0.2,
"dolencia": 0.6,
"doler": 0.3,
"dolido": 0.6,
"dolor": 0.4,
"dolor de cabeza": 0.6,
"dolor muy agudo": -0.2,
"doloridamente": -0.2,
"dolorido": 0.6,
"dolorosamente": -0.2,
"doloroso": 0.5,
"dominante": 0.6,
"dominar": 0.9,
"dominio": 0.9,
"don": 0.7,
"donar": 0.8,
"dopar": -0.2,
"dotado": 0.5,
"droga": 0.4,
"drástico": -0.2,
"duda": 0.4,
"dudar": 0.4,
"dudar de": 0.1,
"dudosamente": -1.0,
"dudoso": 0.6,
"dulce": 0.7,
"dulcemente": 0.2,
"duradero": 0.7,
"durar": 0.6,
"duro": 0.2,
"débil": 0.2,
"déficit": -0.2,
"déspota": -0.2,
"echar a perder": 0.6,
"echar de menos": 0.4,
"echar en falta": 0.3,
"echar la culpa a": -0.2,
"echar pestes": -0.2,
"echar un rapapolvo": -0.2,
"echar una reprimenda a": -0.2,
"echarse a perder": -0.2,
"ecológico": 0.6,
"educativo": 1.0,
"efectivo": 0.8,
"eficacia": 0.8,
"eficaz": 0.8,
"eficazmente": 0.7,
"eficiencia": 0.5,
"eficiente": 0.6,
"efusivamente": 0.2,
"efusivo": 0.2,
"efímero": 0.6,
"egoistamente": -0.2,
"egoísmo": -0.2,
"egoísta": -0.2,
"egunon": 0.2,
"ejem": 0.3,
"elegancia": 0.7,
"elegante": 0.8,
"elegantemente": 0.2,
"elevar": 0.6,
"eliminación": 0.1,
"eliminar": 0.1,
"elite": 1.0,
"elocuencia": 0.2,
"elocuente": 0.2,
"elocuentemente": 0.2,
"elogiar": 0.6,
"elogio": 1.0,
"elogioso": 0.2,
"eludir": -0.2,
"emancipar": 0.2,
"embarazosamente": -0.2,
"embarazoso": 0.6,
"embaucar": -0.2,
"embellecer": 0.2,
"embestir": -0.2,
"emboscada": -0.2,
"embozar": -0.2,
"embrollo": -0.2,
"eminencia": 0.2,
"emocionado": 0.9,
"emocionante": 0.9,
"emocionantemente": 0.2,
"emocionar": 0.6,
"emocionarse": 0.2,
"emoción": 0.9,
"empalagoso": -0.2,
"empanado": -0.2,
"emparanoiado": -0.2,
"empañar": -0.2,
"empeoramiento": -0.2,
"empeorar": -0.2,
"empeorarse": -0.2,
"emplear mal": -0.2,
"empobrecer": -0.2,
"emprendedor": 0.8,
"empresa arriesgada": -0.2,
"empuje": 0.2,
"en calma": 0.2,
"en condiciones": 0.6,
"en consonancia": 0.8,
"en lo alto": 1.0,
"en mal estado": -0.1,
"enajenación": -0.2,
"enajenar": -0.2,
"enaltecer": 0.2,
"enano": 0.5,
"encajar": 0.5,
"encajar con": 0.6,
"encajar en": 0.9,
"encantado": 0.9,
"encantador": 0.6,
"encantadoramente": 0.2,
"encantadísimo": 1.0,
"encantar": 0.8,
"encanto": 0.7,
"encarcelar": -0.2,
"enchufismo": -0.2,
"enclenque": 0.6,
"encogerse": -0.2,
"encogerse de hombros": -0.2,
"encogimiento de hombros": -0.2,
"encolerizar": -0.2,
"encomiable": 0.2,
"enconadamente": -0.2,
"enconado": -0.2,
"enculado": -0.2,
"endeble": 0.1,
"endeudar": -0.2,
"endulzar": 0.2,
"enemigo": -0.3,
"enemistad": -0.2,
"enemistarse con": -0.2,
"energía": 0.6,
"enfadadamente": -0.2,
"enfadado": 0.2,
"enfadar": 0.6,
"enfadarse": -0.2,
"enfado": -0.4,
"enferma": 0.4,
"enfermar": -0.2,
"enfermedad": 0.4,
"enfermizo": 0.6,
"enfermo": 0.5,
"enfrentamiento": 0.6,
"enfrentar": 0.2,
"enfurecer": -0.2,
"enfurruñarse": -0.2,
"engatusar": -0.2,
"engañabobos": 0.2,
"engañar": -0.1,
"engañifa": -0.2,
"engaño": -0.4,
"engañosamante": -0.2,
"engañoso": -0.8,
"engreído": -0.2,
"enhorabuena": 0.9,
"enjuiciar": -0.2,
"enloquecido": -0.2,
"enmarañar": -0.2,
"ennegrecer": -0.2,
"enojado": -1.0,
"enojar": -0.2,
"enojosamente": -0.2,
"enojoso": -0.2,
"enorabuena": 0.2,
"enorme": 0.7,
"enormemente": 0.7,
"enredar": 0.3,
"enredarse": 0.4,
"enredo": 0.2,
"enriquecer": 0.2,
"enrollada": 0.6,
"enrollado": 0.7,
"enseriar": -0.2,
"ensuciar": 0.2,
"ensuciarse": -0.2,
"ensueño": 0.6,
"entender": 0.7,
"entender mal": -0.2,
"entendido": 0.9,
"entorno privilegiado": 0.2,
"entorpecer": 0.6,
"entrada": 0.6,
"entrar por la fuerza en": -0.2,
"entrañable": 0.9,
"entremetido": -0.2,
"entretener": 0.9,
"entretenidamente": 0.2,
"entretenido": 0.8,
"entretenimiento": 0.8,
"entristecer": -0.2,
"entristecerse": -0.2,
"entrometerse": -0.2,
"entrometido": -0.2,
"entumecer": -0.2,
"entumecido": -0.2,
"entusiasmado": 1.0,
"entusiasmar": 0.2,
"entusiasmarse": 0.2,
"entusiasmarse por": 0.2,
"entusiasmo": 0.2,
"entusiasta": 0.8,
"entusiastamente": 0.2,
"entusiástico": 0.2,
"envenenar": -0.2,
"envidia": 0.5,
"envidiable": 0.6,
"envidiar": 0.5,
"envidioso": -0.2,
"envidiosomante": -0.2,
"enérgico": 0.6,
"epidemia": 0.6,
"epopeya": 0.2,
"epítome": 0.2,
"equilibrio": 0.9,
"equitativamente": 0.2,
"equitativo": 0.2,
"equivocación": -0.2,
"equivocadamente": -0.2,
"equivocado": 0.4,
"equivocar": 0.1,
"equivocarse": 0.6,
"equívoco": -0.2,
"eres": 0.3,
"erosionar": -0.2,
"erradicar": -0.2,
"errar": 0.1,
"erroneamente": -0.2,
"error": 0.1,
"erróneo": -0.2,
"erudito": 0.2,
"esbelto": 0.2,
"escabroso": -0.2,
"escalofriante": -0.2,
"escalofrío": -0.2,
"escandalizar": -0.2,
"escandalosamente": 0.6,
"escandaloso": 0.4,
"escasa": -0.1,
"escasamente": -0.4,
"escasez": 0.2,
"escaso": 0.2,
"escindirse": -0.2,
"escisión": -0.2,
"esclavitud": 0.6,
"esclavizar": -0.2,
"esclavo": 0.3,
"esconder": 0.3,
"escoria": -0.2,
"escoriar": -0.2,
"escozor": -0.2,
"escoñar": -0.2,
"escrupulosamente": 0.2,
"escrúpulo": 0.2,
"escudar": -0.2,
"escupir": -1.0,
"escándalo": 0.3,
"esmero": 0.7,
"espabilado": 0.2,
"espacioso": 0.5,
"espantar": -1.0,
"espantarse": -0.2,
"espantarsemente": -0.2,
"espanto": -0.5,
"espantosamente": -0.2,
"espantoso": -0.6,
"especial": 0.7,
"especialmente": 0.7,
"espectacular": 0.8,
"espectacularmente": 0.6,
"espejismo": -0.2,
"espeluznante": -0.2,
"esperanza": 0.5,
"esperanzadamente": 0.2,
"esperanzado": 1.0,
"esperpento": -0.2,
"espicharla": -0.2,
"espinoso": -0.2,
"espiritual": 0.2,
"esplendidamente": 0.2,
"esplendor": 0.9,
"espléndido": 0.8,
"esquisita": 0.2,
"esquisito": 0.2,
"estabilidad": 0.7,
"estabilizar": 0.6,
"estabilizarse": 0.2,
"estable": 0.7,
"estafa": -0.7,
"estafador": -0.8,
"estafar": -0.7,
"estallar": -0.2,
"estampida": -0.2,
"estancado": 0.4,
"estancarse": -0.2,
"estar a favor de": 0.2,
"estar como una regadera": -0.2,
"estar de acuerdo": 0.2,
"estar de mal humor": -0.2,
"estar en auge": 0.2,
"estar en conflicto": -0.2,
"estar para el arrastre": -0.2,
"estelar": 0.8,
"estigma": -0.2,
"estimado": 0.8,
"estimulante": 1.0,
"estimulantemente": 0.2,
"estimular": 0.9,
"estirado": 0.0,
"estirar la pata": -0.2,
"estola": -0.2,
"estorbar": -0.2,
"estorbo": 0.6,
"estrago": -0.2,
"estragos": -0.2,
"estrangular": -0.2,
"estrañare": -0.2,
"estrecharse la mano": -0.2,
"estrella": 0.5,
"estrellar": -0.2,
"estrellarse": -0.2,
"estremecerse": -0.2,
"estrenar": 0.6,
"estreno": 0.8,
"estresado": 0.2,
"estresante": 0.4,
"estricto": -0.2,
"estridente": -0.2,
"estropeado": -0.2,
"estropear": 0.3,
"estropearse": 0.3,
"estrépito": -0.2,
"estudioso": 1.0,
"estupenda": 0.8,
"estupendamente": 0.8,
"estupendo": 0.8,
"estupidamente": -0.2,
"estupidez": 0.6,
"estupor": 0.6,
"estéril": 0.6,
"estímulo": 0.6,
"estúpido": -0.2,
"etarra": -0.2,
"euforia": -0.2,
"euforicamente": 0.2,
"eufórico": 0.2,
"eureka": 0.2,
"evadir": 0.6,
"evaluación": 0.2,
"evasivo": -0.2,
"evocador": 0.8,
"exacerbar": -0.2,
"exacto": 0.8,
"exageración": 0.0,
"exageradamente": 0.4,
"exagerado": 0.3,
"exagerar": 0.4,
"exaltado": 0.2,
"exaltar": 0.2,
"exasperación": -0.2,
"exasperante": -0.6,
"exasperar": -0.2,
"excelencia": 0.6,
"excelente": 0.7,
"excelentemente": 0.7,
"excelentes": 0.7,
"excentricidad": 0.2,
"excepcional": 0.6,
"excepcionalmente": 1.0,
"excepción": 0.2,
"excesivamente": 0.2,
"excesivo": 0.2,
"excitar": 0.2,
"exclamar": -0.2,
"excluir": -0.2,
"exclusivo": 0.3,
"exclusión": -0.2,
"exculpar": 0.2,
"excusa": -0.2,
"excéntrico": 0.6,
"exelente": 0.6,
"exhortar": -0.2,
"exigente": 0.5,
"exiliado": -0.2,
"exiliar": -0.2,
"exilio": -0.2,
"exonerar": 0.2,
"exorbitante": -0.2,
"expectacular": 0.9,
"expectaculares": 1.0,
"experiencia increíble": 0.2,
"experiencia inolvidable": 0.6,
"experiencia única": 0.2,
"experimentado": 1.0,
"experto": 0.7,
"expirar": -0.2,
"explosivo": 0.6,
"explosión": 0.2,
"explotar": -0.6,
"expolio": -0.2,
"expresar agradecimiento por": 0.2,
"expresivo": 1.0,
"expulsar": 0.5,
"exquisitamente": 0.2,
"exquisitez": 0.2,
"exquisito": 0.7,
"extenso": 0.8,
"exterminar": -0.2,
"exterminio": 0.6,
"extinción": -0.2,
"extinguir": -0.2,
"extirpar": -0.2,
"extorsion": -0.2,
"extorsionar": -0.2,
"extorsión": -0.2,
"extraordinariamentemente": 0.2,
"extraordinario": 0.8,
"extraviado": -1.0,
"extrañamente": -0.2,
"extrañar": 0.2,
"extraño": 0.1,
"extremista": -0.2,
"extático": 0.2,
"exuberante": 0.2,
"exultar": 0.2,
"fabulosamente": 0.2,
"fabuloso": 0.5,
"facha": -0.6,
"facil": 0.8,
"facilidad": 0.7,
"facilitar": 0.5,
"facilmente": 0.8,
"factible": 0.6,
"factura": 0.0,
"facultar": 0.2,
"faena": 0.4,
"falacia": 0.6,
"falla": 0.0,
"fallar": -0.2,
"fallecimiento": 0.6,
"fallo": 0.0,
"falsamente": -0.2,
"falsear": -0.2,
"falsedad": -0.6,
"falsificación": 0.6,
"falsificado": -0.2,
"falsificar": -0.2,
"falso": -0.2,
"falta": 0.3,
"falta absoluta": -0.2,
"falta de consideración": -0.2,
"falta de higiene": -0.2,
"falta de honradez": -0.2,
"falta de limpieza": -0.3,
"falta de profesionalidad": -0.2,
"falta de respeto": -0.9,
"faltar": 0.4,
"falto": 0.2,
"faltón": -0.2,
"fama": 0.9,
"famili": 0.7,
"famoso": 0.8,
"fantastica": 0.8,
"fantasticamente": 1.0,
"fantastico": 0.9,
"fantasía": 1.0,
"fantástica": 0.8,
"fantásticamente": 0.8,
"fantásticas": 0.9,
"fantástico": 0.6,
"fanático": 0.6,
"farfulla": -0.2,
"farfullar": -0.2,
"farol": -0.2,
"farra": 0.6,
"farsa": -0.2,
"farsante": -0.2,
"fascinación": 0.6,
"fascinante": 0.9,
"fascinantemente": 0.2,
"fascinar": 0.2,
"fascismo": -0.2,
"fascista": -0.2,
"fastidiado": 0.0,
"fastidiar": 0.2,
"fastidio": 0.5,
"fastidioso": 0.4,
"fatal": -0.4,
"fatalmente": -0.2,
"fatidicamente": -0.2,
"fatiga": 0.2,
"fatigar": -0.2,
"fatigarse": -0.2,
"fatigoso": -0.2,
"fatídico": -0.2,
"favor": 0.7,
"favorecedor": 0.6,
"favorecer": 1.0,
"favorito": 0.9,
"fe": 0.8,
"fealdad": -0.2,
"febril": -0.2,
"fecundo": 0.2,
"felicesfiestas": 0.2,
"felicidad": 0.9,
"felicidades": 0.9,
"felicitaciones": 0.7,
"felicitación": 0.2,
"felicitar": 0.9,
"feliz": 0.8,
"feliz cumpleaños": 0.2,
"feliz martes": 0.2,
"felizmente": 0.2,
"fenecer": -0.2,
"fenomenal": 0.9,
"feo": 0.2,
"feria": 0.4,
"ferocidad": -0.2,
"feroz": -0.2,
"ferozmente": -0.2,
"fervorosamente": 0.2,
"fervoroso": 0.2,
"festejos": 0.2,
"festival": 1.0,
"feto": 0.5,
"fetén": 0.2,
"fiable": 0.8,
"fiasco": 0.1,
"ficticio": 0.6,
"fidedigno": 0.2,
"fidelidad": 0.6,
"fiebre": -0.2,
"fiel": 0.9,
"fielmente": 0.8,
"fiesta": 0.7,
"fiestas": 0.7,
"figurarse": 1.0,
"finamente": 0.2,
"financiar": 0.2,
"fingido": -0.2,
"fingimiento": -0.2,
"fingir": -0.2,
"fingirse": -0.2,
"fino": 0.7,
"fisura": 0.5,
"flagrante": -0.2,
"flagrantemente": -0.2,
"flaquear": -0.2,
"flexible": 0.8,
"flipado": -0.2,
"flipar": 0.6,
"flojear": -0.2,
"flojo": 0.3,
"florecer": 0.2,
"floreciente": 0.2,
"fluido": 0.8,
"fogoso": 0.2,
"fomentar": 0.7,
"fomento": 0.2,
"fondo": 0.6,
"forajido": -0.2,
"forastero": -0.2,
"forcejear": -0.2,
"forcejeo": -0.2,
"forcejo": -0.2,
"formal": 0.8,
"formidable": 0.8,
"fortaleza": 1.0,
"fortuna": 0.4,
"forzado": 0.0,
"forzar": 0.3,
"fracasadamente": -0.2,
"fracasado": -0.2,
"fracasar": 0.2,
"fracaso": -0.0,
"fractura": -0.2,
"fracturar": -0.2,
"fracturarse": -0.2,
"francamente": 0.7,
"franco": 0.8,
"fraternal": 0.2,
"fraude": -0.5,
"fraudulentamente": -0.2,
"fraudulento": -0.2,
"fresco": 0.8,
"friamente": -0.2,
"fricción": -0.4,
"fritanga": -0.2,
"fructuoso": 0.2,
"fructífero": 0.2,
"frugalmente": 0.2,
"fruncir el ceño": -0.2,
"frustración": 0.6,
"frustrar": -0.2,
"fruta fresca": 0.5,
"frágil": 0.0,
"frígido": -0.2,
"frío": 0.3,
"frívolo": -0.2,
"fuera": 0.2,
"fuera de peligro": 0.2,
"fuerte": 0.7,
"fuertemente": 0.6,
"fuerza": 0.7,
"fuerza disuasoria": -0.2,
"fuga": 0.1,
"fugarse": -0.2,
"fugitivo": -0.2,
"funcional": 0.7,
"furcia asquerosa": -0.2,
"furiosamente": -0.2,
"furioso": -0.2,
"furtivo": -0.2,
"furúnculo": -0.2,
"fácil": 0.8,
"fácilmente": 0.8,
"fértil": 1.0,
"fétido": -0.2,
"galante": 0.2,
"galimatías": -0.2,
"gamberro": 0.6,
"gana": 0.7,
"ganador": 0.9,
"ganancia": 0.2,
"ganar": 0.4,
"ganar en bruto": -0.2,
"gandulear": -0.2,
"ganga": 0.8,
"garantizar": 0.7,
"garantía": 0.5,
"garrula": -0.2,
"garrulo": -0.2,
"gastado": 0.0,
"gastar": 0.3,
"gastarse": 0.3,
"gasto": 0.1,
"gañido": -0.2,
"gañir": -0.2,
"gañán": -0.2,
"gema": 0.2,
"gemido": -0.2,
"gemir": -0.2,
"generalmente": 0.7,
"generosamente": 0.6,
"generosidad": 0.8,
"generoso": 1.0,
"genial": 0.8,
"genialmente": 1.0,
"genio": 0.6,
"genocidio": 0.6,
"gentil": 0.5,
"genuino": 1.0,
"ghetto": -0.2,
"gigante": 0.8,
"gilimierdas": -0.2,
"gilipollas": -0.2,
"glacial": -0.2,
"gloria": 0.8,
"glorificar": 0.2,
"gloriosamente": 0.2,
"glorioso": 1.0,
"glotón": -0.2,
"golosina": 0.2,
"golpe": 0.2,
"golpear": 0.1,
"gordo": 0.3,
"gorrona": -0.2,
"gorronear": -0.2,
"gorrón": -0.2,
"gozar": 1.0,
"gozar de": 1.0,
"gozo": 1.0,
"gracia": 0.7,
"gracias": 0.7,
"gracias a": 0.8,
"gracias amigo": 0.2,
"gracias de corazon": 0.2,
"gracias por todo": 0.9,
"graciosamente": 0.2,
"gracioso": 0.6,
"graciosísimo": 0.2,
"gran": 0.7,
"gran ambiente": 0.4,
"gran calidad": 0.9,
"gran decepcion": -1.0,
"gran descubrimiento": 0.9,
"gran experiencia": 0.7,
"gran lugar": 0.5,
"gran noche": 0.2,
"gran servicio": 0.7,
"gran ubicación": 0.5,
"gran variedad": 0.8,
"grande": 0.7,
"grandeza": 0.2,
"grandioso": 0.9,
"grata sorpresa": 0.8,
"gratamente": 0.9,
"gratificación": 0.2,
"gratificante": 0.7,
"gratificantemente": 0.2,
"gratis": 0.5,
"gratitud": 1.0,
"grato": 0.6,
"gratuito": 0.6,
"gratuíto": 0.2,
"grave": 0.3,
"gravedad": 0.5,
"gravemente": -0.2,
"grieta": -0.3,
"grima": 0.6,
"gritar": 0.6,
"grito": 0.5,
"gritos": 0.6,
"groseramente": -0.2,
"grosero": 0.6,
"grotesco": -0.2,
"gruesa": 0.3,
"gruesamente": -0.2,
"gruñido": -0.2,
"gruñir": -0.2,
"gruñón": -0.2,
"gràcies": 1.0,
"guai": 0.2,
"gualá": -0.2,
"guantánamo": -0.2,
"guapamente": 0.2,
"guapetona": 0.2,
"guapisima": 1.0,
"guapo": 0.7,
"guardar como un tesoro": 0.2,
"guarreras": -0.2,
"guarrería": -0.2,
"guarro": -0.2,
"guarrona": -0.2,
"guau": 1.0,
"guay": 0.7,
"guerra": 0.3,
"gueto": -0.2,
"guiñar el ojo": 0.2,
"guiño": 0.6,
"gula": 0.3,
"gusano": -0.2,
"gustar": 0.6,
"gusto": 0.7,
"gusto exquisito": 0.6,
"género": 0.8,
"habilidad": 0.8,
"habilmente": 0.2,
"habitación amplia": 0.5,
"habitación espaciosa": 0.5,
"habitación grande": 0.6,
"hablar sin parar": -0.2,
"hacer como si no existiese": -0.2,
"hacer daño": 0.3,
"hacer digresiones": -0.2,
"hacer el primo": -0.2,
"hacer el tonto": -0.2,
"hacer estragos": -0.2,
"hacer imposible": -0.2,
"hacer la pirula": -0.2,
"hacer más alegre": 0.2,
"hacer naufragar": -0.2,
"hacer novillos": -0.2,
"hacer pasar hambre": -0.2,
"hacer pipí": -0.2,
"hacer pucheros": -0.2,
"hacer temblar": -0.2,
"hacer trampa": -0.2,
"hacer trampas": -0.2,
"hacer trizas": -0.2,
"hacer un chantaje a": -0.2,
"hacer una mueca de dolor": -0.2,
"hacer volar": -0.2,
"hacer zozobrar": -0.2,
"hacinar": -0.2,
"hahahaha": 0.2,
"halagar": 0.2,
"halagüeño": 0.2,
"hambre": 0.3,
"hambriento": 0.6,
"harapiento": -0.2,
"harto": 0.2,
"hasta la coronilla": -0.2,
"hay que joderse": -0.2,
"hazaña": -0.2,
"hechizar": 0.2,
"hecho mierda": -0.2,
"hedor": -0.2,
"heey": 0.2,
"helar": -0.2,
"hereje": -0.2,
"herejía": -0.2,
"herida": 0.5,
"herido": 0.3,
"herir": 0.2,
"herir en lo más hondo": -0.2,
"hermosa": 0.6,
"hermosamente": 0.2,
"hermoso": 0.6,
"hermosura": 0.2,
"heroico": 0.2,
"heroína": 0.2,
"hervir": 0.3,
"hijo de puta": -0.2,
"hinchado": -0.1,
"hipocresía": -0.2,
"hipocritamente": -0.2,
"hipócrita": -0.2,
"hiriente": -0.2,
"histeria": -0.2,
"histérico": -0.2,
"hoja de reclamaciones": 0.6,
"holgado": 0.7,
"hombre": 0.3,
"homenaje": 1.0,
"homenajear": 0.2,
"homicidio": -0.2,
"homófobos": -0.2,
"honestamente": 0.7,
"honesto": 0.8,
"honor": 0.9,
"honradamente": 0.2,
"honradez": 0.2,
"honrado": 1.0,
"honrar": 0.2,
"horrendamente": -0.2,
"horrendo": -0.2,
"horrible": -0.4,
"horriblemente": -0.2,
"horripilante": -0.2,
"horripilantemente": -0.2,
"horror": -0.1,
"horrorizado": -0.2,
"horrorizar": -0.2,
"horrorosamente": -0.2,
"horroroso": -0.1,
"hortera": 0.6,
"hosco": -0.2,
"hospitalario": 1.0,
"hostigar": -0.2,
"hostil": -0.2,
"hostilidad": -0.2,
"hotelucho": -0.2,
"huelga": -0.2,
"huevon": -0.2,
"huevón": -0.2,
"humildad": 0.2,
"humilde": 0.6,
"humillación": -0.2,
"humillante": -0.2,
"humillar": -0.2,
"humor": 0.8,
"hundimiento": -0.2,
"hundir": -0.2,
"hundirse": -0.2,
"huraño": -0.2,
"hurra": 0.2,
"hurtar": -0.2,
"hurto": -0.2,
"husmear": -0.2,
"huérfano": 0.6,
"hábil": 0.9,
"hábilmente": 0.2,
"héroe": 0.9,
"idea equivocada": -0.2,
"ideal": 0.8,
"idealmente": 0.2,
"idiota": -0.2,
"idílico": 0.2,
"ignominioso": -0.2,
"ignorancia": -1.0,
"ignorante": -0.2,
"ignorar": 0.5,
"igualado": 0.2,
"igualar": 0.0,
"igualarse": 0.2,
"igualdad": 0.0,
"igualitario": 0.2,
"ilegal": -1.0,
"ilegalmente": -0.2,
"ilegítimo": -0.2,
"ileso": 1.0,
"ilogicamente": -0.2,
"ilu": 0.7,
"iluminar": 0.5,
"ilusionar": 0.2,
"ilusión": 0.1,
"ilustre": 0.2,
"ilícito": -0.2,
"ilógico": 0.6,
"imaginación": 0.6,
"imaginarse": 0.5,
"imaginativo": 1.0,
"imbatido": 0.2,
"imbebible": -0.2,
"imbécil": 0.2,
"imitación": -0.1,
"impaciencia": 0.6,
"impaciente": 0.6,
"impacientemente": -0.2,
"imparcial": 0.8,
"imparcialmente": 0.2,
"impasible": 0.6,
"impecable": 0.8,
"impecablemente": 0.6,
"impedimento": 0.2,
"impedir": 0.6,
"impensable": 0.4,
"imperdonable": -0.1,
"imperfección": -0.2,
"imperfecto": -0.2,
"impersonal": -0.0,
"impertinente": -0.2,
"implicación": 0.4,
"implicar": 0.6,
"implorar": -0.2,
"imponer": 0.6,
"impopular": -0.6,
"importancia": 0.8,
"importante": 0.7,
"importantemente": 0.2,
"importar un pimiento": -0.2,
"importunar": -0.2,
"imposible": 0.1,
"imposición": -0.2,
"impostor": -0.2,
"impotencia": -0.2,
"impotente": -0.2,
"impotentemente": -0.2,
"imprecisamente": -0.2,
"imprecisión": -0.2,
"impreciso": 0.2,
"imprescindible": 0.9,
"impresentable": -0.6,
"impresentables": -0.2,
"impresionante": 0.9,
"impresionantemente": 1.0,
"impresionar": 0.8,
"imprevisto": -0.2,
"improbable": -0.2,
"improbablemente": -0.2,
"improductivo": -0.2,
"impropiamente": -0.2,
"impropio": -0.2,
"improvisado": -0.2,
"imprudencia": -0.2,
"imprudente": -0.2,
"imprudentemente": -0.2,
"impuesto": -0.4,
"impulsar": 0.2,
"impulso": 1.0,
"impunidad": -0.2,
"impureza": 0.6,
"impuro": -0.2,
"imputación": -0.2,
"imputar": -0.2,
"inacabado": -0.2,
"inaccesible": 0.3,
"inaceptable": -0.6,
"inaceptablemente": -0.2,
"inactivo": -0.2,
"inadaptado": -0.2,
"inadecuadamente": -0.2,
"inadecuado": -0.6,
"inamovible": -0.2,
"inanición": -0.2,
"inaudito": -1.0,
"inaugurar": 0.2,
"incapacidad": -0.2,
"incapaz": -0.3,
"incapazmente": -0.2,
"incendiar": -1.0,
"incendiarse": -1.0,
"incendio": -0.2,
"incertidumbre": 0.6,
"incidencia": -0.0,
"incierto": -0.2,
"incivilizado": -0.2,
"inclemente": -0.2,
"inclusivo": 0.2,
"incoherencia": -0.2,
"incoherente": 0.2,
"incoherentemente": -0.2,
"incomestible": -0.2,
"incomodar": 0.2,
"incomodidad": 0.4,
"incomodisima": -0.2,
"incomodisimo": -0.2,
"incomodo": 0.2,
"incomodísimas": -0.2,
"incomparable": 0.7,
"incompetencia": -0.2,
"incompetente": -0.2,
"incompetentemente": -0.2,
"incompleto": -0.2,
"incomprensible": 0.1,
"inconcebible": 0.3,
"incongruente": 0.2,
"incongruentemente": -0.2,
"inconsciente": 0.4,
"inconstante": -0.2,
"incontroladamente": -0.2,
"incontrolado": 0.6,
"inconveniente": 0.2,
"incorrectamente": -0.2,
"incorrecto": -0.2,
"incredulidad": -0.2,
"increible": 0.8,
"increíble": 0.4,
"incrédulo": -0.2,
"inculto": -0.2,
"incumplimiento": -0.3,
"incumplir": -0.2,
"incómodo": 0.1,
"indebido": -0.2,
"indecente": -0.2,
"indecentemente": -0.2,
"indecible": -0.2,
"indeciblemente": -0.2,
"indecisamente": -0.2,
"indeciso": 0.6,
"indecorosamente": -0.2,
"indecoroso": -0.2,
"indefensamente": -0.2,
"indefenso": -0.2,
"indemne": 1.0,
"indemnización": 0.2,
"indemnizar": 0.2,
"independencia": 0.5,
"independiente": 0.6,
"indeseable": -0.2,
"indeseado": 0.3,
"indiferencia": -0.2,
"indiferente": 0.4,
"indigencia": -0.2,
"indigente": -0.2,
"indigestión": -0.2,
"indignación": -0.2,
"indignado": -0.8,
"indignante": 0.0,
"indignantemente": -0.2,
"indignar": -0.2,
"indignidad": -0.2,
"indigno": -0.2,
"indiscreción": -0.2,
"indiscretamente": -0.2,
"indiscreto": -0.2,
"indiscriminadamente": -0.2,
"indiscriminado": -0.2,
"indispuesto": -0.2,
"indoloro": 1.0,
"indulgencia": 0.2,
"indulgente": 0.2,
"indultar": 0.2,
"indulto": 0.2,
"ineficacia": -0.2,
"ineficaz": -0.4,
"ineficazmente": -0.2,
"ineficiente": -0.6,
"ineludible": 0.6,
"ineptamente": -0.2,
"ineptitud": -0.2,
"inepto": -0.2,
"inesperadamente": -0.2,
"inesperado": 0.1,
"inestabilidad": -0.2,
"inestable": -0.0,
"inestimable": 0.2,
"inevitable": 0.3,
"inexactamente": -0.2,
"inexacto": -0.2,
"inexcusable": -0.2,
"inexorable": -0.2,
"inexorablemente": -0.2,
"inexperiencia": -0.2,
"inexpertamente": -0.2,
"inexperto": 0.4,
"inexpugnable": 0.2,
"infalible": 0.8,
"infame": -0.2,
"infectar": -0.2,
"infelicidad": -0.2,
"infeliz": -0.2,
"infelizmente": -0.2,
"inferior": 0.2,
"inferioridad": -0.2,
"infernal": 0.1,
"infestar": -0.2,
"infiel": -0.2,
"infielmente": -0.2,
"infierno": 0.4,
"inflamado": -0.2,
"inflar": 0.2,
"inflexible": -0.2,
"inflexiblemente": -0.2,
"infligir": -0.2,
"influyente": 1.0,
"informativo": 0.7,
"infortunio": 0.6,
"infracción": -0.2,
"infravaloración": -0.2,
"infringir": -0.2,
"infructuoso": -0.2,
"infumable": -1.0,
"infundado": -0.2,
"ingenio": 0.4,
"ingeniosamente": 0.2,
"ingenioso": 0.6,
"ingenuamente": -0.2,
"ingenuo": -0.2,
"ingratitud": -0.2,
"ingrato": -0.2,
"ingresar": 0.2,
"ingreso": 0.5,
"inhospitalario": -0.2,
"inhumano": -0.2,
"inhóspito": -0.2,
"inigualable": 0.9,
"injurioso": -0.2,
"injustamente": -0.2,
"injusticia": -0.4,
"injustificable": -1.0,
"injustificado": 0.3,
"injusto": 0.6,
"inmaculadamente": 0.2,
"inmaculado": 0.2,
"inmaduro": -0.2,
"inmejorable": 0.8,
"inmensamente": 0.2,
"inmensidad": 0.6,
"inmenso": 1.0,
"inmoral": -0.2,
"inmoralmente": -0.2,
"innecesariamente": -0.4,
"innecesario": 0.4,
"innovación": 1.0,
"innovador": -0.1,
"inocuo": 0.2,
"inofensivo": 0.2,
"inolvidable": 0.7,
"inoportunamente": -1.0,
"inoportuno": 0.6,
"inoxidable": 0.8,
"inquietamente": -0.2,
"inquietar": -0.2,
"inquietarse": -0.2,
"inquieto": 0.2,
"inquietud": 0.3,
"insatisfacción": -0.2,
"insatisfactorio": -1.0,
"inseguridad": 0.4,
"inseguro": 0.1,
"insensatamente": -0.2,
"insensato": -0.2,
"insensible": -0.2,
"insensiblemente": -0.2,
"inservible": -0.5,
"insignificante": 0.6,
"insignificantemente": -0.2,
"insipida": -0.2,
"insipido": -0.2,
"insipidos": -0.2,
"insolencia": -0.2,
"insolente": -0.2,
"insolentemente": -0.2,
"insolitamente": 0.2,
"insolvente": -0.2,
"insomnio": -0.2,
"insoportable": 0.1,
"insoportablemente": -0.2,
"insostenible": -0.2,
"inspirar": 1.0,
"instigador": -0.2,
"instigar": -0.2,
"institución benéfica": 0.2,
"insubordinado": -0.2,
"insuficiencia": -0.2,
"insuficiente": -0.1,
"insuficientemente": -0.2,
"insufrible": 0.4,
"insulso": 0.6,
"insultante": -1.0,
"insultar": -0.2,
"insulto": -0.6,
"insultos": -0.2,
"insuperable": 0.9,
"insurrección": -0.2,
"insípido": -0.2,
"insólito": 0.2,
"intachable": 1.0,
"intacto": 0.5,
"inteligencia": 0.9,
"inteligente": 0.9,
"inteligentemente": 1.0,
"intemperie": -0.2,
"interesante": 0.7,
"interesantísimas": 1.0,
"interesar": 0.7,
"interferir": 0.6,
"interferir en": -0.2,
"interminable": 0.4,
"interpretar mal": -0.2,
"interrumpir": 0.6,
"interés": 0.5,
"intimidación": -0.2,
"intimidar": -0.2,
"intolerable": -0.4,
"intolerablemente": -0.2,
"intolerancia": 0.6,
"intolerante": -0.2,
"intranquilo": -0.2,
"intransigencia": -0.2,
"intransigente": -0.2,
"intransigentemente": -0.2,
"intriga": 0.3,
"intrusion": -0.2,
"intrépido": 0.2,
"intuitivo": 0.8,
"inundación": -0.3,
"inundar": -0.2,
"inutilmente": -0.2,
"invadir": -0.2,
"invasión": -0.2,
"invasor": 0.6,
"invencible": 0.2,
"invención": 0.6,
"inverosimilitud": -0.2,
"inverosímil": 0.2,
"invitar": 0.6,
"inválido": -0.2,
"inútil": -0.0,
"ir bien a": 0.2,
"ir más despacio": -0.2,
"ira": 0.2,
"ironicamente": -0.2,
"ironía": 0.6,
"irracional": -0.2,
"irracionalmente": -0.2,
"irreflexivamente": -0.2,
"irreflexivo": -0.2,
"irreflexión": -0.2,
"irregular": 0.3,
"irregularidad": 0.4,
"irrelevante": -0.2,
"irreparable": -0.2,
"irresistible": 0.9,
"irrespetuosamente": -0.2,
"irrespetuoso": -0.2,
"irresponsable": -0.4,
"irreverente": -0.2,
"irreverentemente": -0.2,
"irreversible": -0.2,
"irrisión": -0.2,
"irritable": -0.2,
"irritación": -0.2,
"irritante": 0.6,
"irritar": -0.2,
"irónico": -0.2,
"ja": 0.7,
"jactancia": -0.2,
"jactancioso": -0.2,
"jactarse": -0.2,
"jajaja": 0.8,
"jajajaja": 0.5,
"jajajajaj": 0.2,
"jajajajaja": 1.0,
"jajajá": 0.2,
"jaleo": -0.0,
"jamacuco": -0.2,
"jarabe de palo": -0.2,
"jeje": 0.9,
"jesús": 0.4,
"jeta": 0.2,
"jeto": 0.4,
"ji": 0.7,
"jirón": -0.2,
"jiñarla": -0.2,
"jo": 0.3,
"jobar": -0.2,
"joder": -0.2,
"joder la marrana": -0.2,
"jodio": -0.2,
"joe": 0.5,
"jolín": -0.2,
"jope": -0.2,
"jops": -0.2,
"jorobar": -0.2,
"joya": 0.9,
"joya escondida": 0.2,
"jubilosamente": 0.2,
"jubiloso": 0.2,
"juiciosamente": 0.2,
"juicioso": 0.2,
"julandrón": -0.2,
"justamente": 0.9,
"justicia": 0.5,
"justificadamente": 0.2,
"justificado": 0.5,
"justo": 0.7,
"juzgar mal": -0.2,
"júbilo": 0.2,
"lacra": -0.2,
"lacónico": -0.2,
"ladilla": -0.2,
"ladrar": -0.2,
"lamentable": -0.5,
"lamentablemente": -0.2,
"lamentar": 0.6,
"lamentarse": -0.2,
"lamento": -0.3,
"languidecer": -0.2,
"lapsus": -0.2,
"largar": 0.4,
"largarse": -0.2,
"lascivamente": -0.2,
"lascivo": -0.2,
"lastimar": -0.2,
"lastimosamente": 0.6,
"lastimoso": -0.2,
"leal": -0.2,
"lealmente": 0.2,
"lealtad": 0.2,
"leer mal": -0.2,
"legendario": 0.6,
"legitimamente": 0.2,
"legítimo": 1.0,
"lentamente": 0.1,
"lentisimo": -0.2,
"lento": 0.1,
"lentos": -0.1,
"lesionado": -0.2,
"levantar": 0.7,
"leñe": -0.2,
"liar": 0.3,
"liberación": 1.0,
"liberal": 1.0,
"liberalmente": 0.2,
"liberar": 0.5,
"libertad": 0.5,
"libertinaje": -0.2,
"libre": 0.7,
"libremente": 0.7,
"libro de reclamaciones": -0.2,
"licenciosamente": -0.2,
"lidiar": 0.6,
"ligero": 0.8,
"limpiar": 0.8,
"limpiar a fondo": 0.2,
"limpieza": 0.6,
"limpio": 0.6,
"limpisimo": 0.6,
"limpísimo": 0.7,
"lindo": 0.5,
"liquidar a": -0.2,
"lisiado": -0.2,
"listo": 0.8,
"listos": 0.6,
"llaga": -0.2,
"llamativo": 0.3,
"llanto": 0.6,
"lleno": 0.8,
"lleno de acontecimientos": 0.2,
"lleno de baches": -0.2,
"lleno de polvo": -0.2,
"llevar mal": -0.2,
"llorar": 0.3,
"llorica": -0.2,
"lloriquear": -0.2,
"lloro": 0.4,
"lo malo": 0.2,
"lo mejor": 0.7,
"lo nutritivo": 0.2,
"lo peor": -0.1,
"lo peor de todo": -0.6,
"lo único positivo": -0.2,
"loable": 0.2,
"loco": 0.2,
"locura": 0.1,
"lograr": 0.6,
"logro": 0.8,
"looser": 0.6,
"love": 0.7,
"lucha": 0.2,
"luchador": 0.4,
"luchar": 0.2,
"lugar con encanto": 0.2,
"lujosamente": 0.2,
"lujoso": 0.6,
"lujurioso": -0.2,
"luminosidad": 0.8,
"luminoso": 0.7,
"luna de miel": 0.2,
"lustre": 0.2,
"lustroso": 0.2,
"luto": 0.1,
"luz deslumbrante": -0.2,
"lánguido": -0.2,
"lástima": 0.1,
"látigo": -0.2,
"lícito": 0.1,
"lío": 0.1,
"lóbrego": -0.2,
"lógico": 0.6,
"lúcido": 1.0,
"lúgubre": 0.2,
"maca": 0.5,
"macabro": -0.2,
"macarra": -0.2,
"machacona": -0.2,
"machacón": -0.2,
"machismo": -0.2,
"machista": -0.2,
"machorra": -0.2,
"maco": -0.2,
"madurar": 0.2,
"maduro": 1.0,
"maestro": 0.8,
"maestría": 1.0,
"mafia": -0.2,
"magistral": 0.8,
"magnanimamente": 0.2,
"magnificamente": 0.8,
"magnificos": 0.6,
"magníficamente": 1.0,
"magnífico": 0.8,
"mago": 0.0,
"magulladura": -0.2,
"magullar": -0.2,
"magullarse": -0.2,
"majara": -0.2,
"majareta": -0.2,
"majestuoso": 0.2,
"majo": 0.7,
"mal": 0.1,
"mal genio": -0.2,
"mal pagado": -0.2,
"mal situado": -0.2,
"mal uso": -0.6,
"mal vestido": -0.2,
"mala": -0.3,
"mala hierba": -0.2,
"mala leche": -0.2,
"mala pata": -0.2,
"mala pronunciación": -0.2,
"mala reputación": 0.2,
"malamente": -0.2,
"malas caras": -0.2,
"maldad": 0.2,
"maldecir": -0.2,
"maldición": -1.0,
"maldito": 0.5,
"maldito sea": -0.2,
"maleducadamente": -0.2,
"maleducado": -0.2,
"malentendido": 0.4,
"malestar": 0.6,
"malevolamente": -0.2,
"malgastar": -0.2,
"malhayas": -0.2,
"malhumoradamente": -0.2,
"malhumorado": -0.2,
"malicia": -0.2,
"maligno": -0.2,
"malisima": -0.7,
"malisimamente": -0.2,
"malisimas": -1.0,
"malisimo": -0.7,
"malisimos": -1.0,
"malo": 0.1,
"malogro": -0.2,
"malos tratos": 0.6,
"malsano": 0.6,
"maltratar": 0.2,
"malucho": 0.6,
"malvadamente": -0.2,
"malvado": -0.2,
"malévolo": -0.2,
"malísimo": -0.4,
"mamola": -0.2,
"mamá": 0.9,
"mancha": 0.1,
"manchar": 0.2,
"mancharse": -0.2,
"mangante": -0.2,
"mangar": -0.2,
"mangui": -0.2,
"manipulación": 0.4,
"manipular": 0.0,
"manjar": 0.2,
"mantener": 0.8,
"manía": 0.5,
"maníaco": -0.2,
"maravilla": 0.9,
"maravillar": 0.2,
"maravillarse": 0.2,
"maravillosa": 0.8,
"maravillosamente": 0.8,
"maravilloso": 0.8,
"maraña": -0.2,
"marchitar": -0.2,
"marchitarse": -0.2,
"mareado": -0.2,
"marginado": -0.2,
"marginalmente": -0.2,
"maricón": -0.2,
"marrón": 0.3,
"martirio": -0.2,
"maruja": -0.2,
"mas": 0.7,
"masacrar": -0.2,
"masacre": -0.2,
"matanza": -0.2,
"matao": -0.2,
"matar": 0.6,
"matar de hambre": -0.2,
"matraca": -0.2,
"matón": 0.6,
"mazmorra": -0.2,
"mecachis": -0.2,
"medalla": 0.2,
"mediocre": -0.2,
"mejor": 0.7,
"mejora": 0.7,
"mejorar": 0.6,
"mejorar respecto a": 0.2,
"mejorarse": 0.6,
"memorable": 1.0,
"mendigar": -0.2,
"mendigo": -0.2,
"menguar": -0.2,
"menospreciar": -0.2,
"menosprecio": -0.2,
"menso": 0.6,
"mentir": 0.1,
"mentira": 0.2,
"mentiras": 0.1,
"mentiroso": -1.0,
"merda": -0.2,
"merecedor": 0.8,
"merecer": 0.5,
"merecidamente": 0.2,
"merecido": 0.9,
"meritorio": 0.2,
"mermar": -0.2,
"metedura de pata": -0.2,
"meter baza": -0.2,
"meter la pata": -0.2,
"meticulosamente": 0.6,
"meticuloso": 0.8,
"metódico": 0.2,
"mezquino": -0.2,
"miedo": 0.4,
"miedoso": -0.2,
"mierda": -0.2,
"milagro": 0.5,
"milagrosamente": 0.2,
"milagroso": 1.0,
"milonga": -0.2,
"mimar": 0.2,
"minar": 0.2,
"minuciosamente": 0.6,
"minusválido": -0.2,
"minúsculo": 0.2,
"mirada feroz": -0.2,
"mirada lasciva": -0.2,
"mirar con ceño": -0.2,
"mirar con recelo": -0.2,
"mirar ferozmente": -0.2,
"miserable": -0.8,
"miserablemente": -0.2,
"miseria": 0.6,
"miss": 0.8,
"mitigar": 0.2,
"miéchica": -0.2,
"mocoso": -0.2,
"moderno": 0.6,
"modestia": 0.2,
"modesto": 0.9,
"mofa": -0.2,
"mofarse": -0.2,
"mofarse de": -0.2,
"mohoso": -0.2,
"mola": 0.8,
"molestamente": -0.2,
"molestar": 0.2,
"molestarse": -0.3,
"molestia": 0.2,
"molesto": 0.1,
"mono": 0.5,
"monotonía": -0.2,
"monstruo": 0.4,
"monstruosamente": -0.2,
"monstruosidad": -0.2,
"monumental": 0.5,
"monótono": 0.0,
"moral": 0.7,
"morbosamente": -0.2,
"morboso": 0.6,
"mordaz": 0.2,
"morir": 0.6,
"morro": -0.4,
"mortal": 0.5,
"mortificar": -0.2,
"mortífero": -0.2,
"mosquearse": -0.2,
"mosqueo": -1.0,
"motivación": 1.0,
"motivar": 0.8,
"moña": -0.2,
"muchisimas": 0.9,
"muchísimas": 0.8,
"mueca": -0.2,
"mueca de desprecio": -0.2,
"mueca de dolor": -0.2,
"muermo": -0.2,
"muerte": 0.2,
"muerto": -0.1,
"muerto de hambre": -0.2,
"mugre": -0.3,
"multa": 0.3,
"multar": 0.2,
"multiplicarse por cero": -0.2,
"mundano": -0.2,
"murio": 0.1,
"muy aficionado": 0.2,
"muy bien": 0.7,
"muy grave": -0.2,
"muy peligroso": 0.2,
"mágico": 0.8,
"máster": 0.2,
"mérito": 0.6,
"mísero": -0.2,
"mítico": 0.9,
"módico": 0.7,
"nada de el otro mundo": -0.2,
"nada de nada": -0.1,
"nada recomendable": -0.7,
"nanay": -0.2,
"narices": 0.3,
"naufragar": -0.2,
"naufragio": -0.2,
"nauseabundamente": -0.2,
"nauseabundo": -0.2,
"navajazo": -0.2,
"necesidad": 0.3,
"necesitado": 0.4,
"necesitar": 0.3,
"neciamente": -0.2,
"necio": 0.6,
"nefasto": -0.7,
"negación": -0.2,
"negar": 0.1,
"negarse": -0.2,
"negativa": 0.1,
"negativo": 0.3,
"negligencia": -0.2,
"negligente": -0.2,
"negociar": 1.0,
"nerdo": -0.2,
"nerviosamente": -0.2,
"nerviosidad": -0.2,
"nerviosismo": 0.6,
"nervioso": 0.2,
"neurótico": -0.2,
"ni fu ni fa": -1.0,
"nigga": -0.2,
"nivelar": 0.5,
"nivelarse": 0.2,
"no": 0.2,
"no comerse una rosca": -0.2,
"no creer": -0.8,
"no cualificado": -0.2,
"no deseado": -0.2,
"no disponible": 0.6,
"no entender": 0.6,
"no gustarle a uno": -0.2,
"no hacer caso de": -0.2,
"no poder estar": -0.2,
"no ralles": -0.2,
"no reconocer": 0.2,
"no resuelto": -0.2,
"noble": 0.7,
"nocivamente": -0.2,
"nocivo": -0.2,
"nostalgia": 0.6,
"notable": 0.7,
"nuestro": 0.7,
"nuevo": 0.6,
"nula profesionalidad": -0.2,
"nulo": 0.0,
"nutritivo": 0.2,
"náusea": -0.2,
"nítido": 0.9,
"oasis": 0.0,
"obediencia": 0.2,
"obediente": 1.0,
"obedientemente": 0.2,
"obeso": -0.2,
"objetos de valor": 0.2,
"obligación": -0.2,
"obligada visita": 0.2,
"obligar": 0.6,
"obligatorio": 0.4,
"obra maestra": 1.0,
"obscenamente": -0.2,
"obscenidad": -0.2,
"obscenidades": -0.2,
"obsceno": -0.2,
"obsesionar": -0.2,
"obsesivamente": -0.2,
"obsesivo": -0.2,
"obsesión": 0.6,
"obsoleto": 0.4,
"obstaculizar": -0.2,
"obstinado": -0.2,
"obstrucción": 0.6,
"obstruir": -0.2,
"obstruirse": -0.2,
"obstáculo": 0.2,
"obtener": 0.7,
"obtener el título": 0.2,
"obtuso": -0.2,
"obviedad": -0.2,
"ocultar": 0.2,
"oculto": 0.5,
"ocuparse de": 1.0,
"odiar": 0.6,
"odio": 0.3,
"odiosamente": -0.2,
"odioso": 0.2,
"oeoeoeoeoeoeoe": 0.2,
"ofender": 0.1,
"ofensa": -0.2,
"ofensivamente": -0.2,
"ofensivo": -0.2,
"oferta": 0.7,
"ofrecer su amistad a": 0.2,
"ojeriza": -0.2,
"ojeroso": -0.2,
"ojete": -0.2,
"ok": 0.7,
"okay": 0.2,
"ole": 0.7,
"olor a tabaco": -0.1,
"olvidar": 0.2,
"olvidarse": 0.3,
"olvidarse de": 0.3,
"olvido": 0.3,
"olé": 0.8,
"omisión": 0.2,
"omiso": -0.1,
"omitir": -0.2,
"onda expansiva": -0.2,
"ondear": 0.8,
"onerosamente": -0.2,
"oponer": -0.2,
"oponerse": -0.2,
"oponerse a": -0.2,
"oportunamente": 0.1,
"oportuno": 1.0,
"oposición": -0.2,
"opresión": -0.2,
"opresor": -0.2,
"oprimir": 0.6,
"oprobio": 0.2,
"optimismo": 0.2,
"optimista": 0.5,
"ordenadamente": 0.2,
"ordenado": 0.6,
"ordenar": 0.3,
"orgullo": 0.9,
"original": 0.6,
"orina": 0.4,
"oro": 0.7,
"osadamente": 0.2,
"osado": 0.7,
"osadía": 1.0,
"osar": 0.9,
"oscuro": 0.1,
"ostentar": -0.2,
"ostia puta": -0.2,
"otorgar": 0.5,
"ovación": 0.8,
"pachucho": -0.2,
"paciencia": 0.6,
"pacientemente": 0.2,
"pacifista": 0.2,
"pactar": 0.7,
"pacto": 0.8,
"pacíficamente": 0.2,
"pacífico": 0.2,
"pagar": 0.1,
"palabrota": -0.2,
"paleto": -0.2,
"palidecer": -0.2,
"paliza": 0.6,
"palizas": -0.2,
"palmarla": -0.2,
"palurda": -0.2,
"palurdo": -0.2,
"panoli": -0.2,
"papanatas": -0.2,
"papelón": 0.2,
"para colmo": -0.6,
"para olvidar": 0.5,
"parada obligatoria": 0.6,
"parado": 0.3,
"paradójico": -0.2,
"paraiso": 0.2,
"paralización": -0.2,
"paralizar": -0.2,
"paranoia": 0.6,
"paranoico": -0.2,
"paraíso": 0.6,
"parcial": 0.1,
"parcialidad": -0.2,
"paria": -0.2,
"parida": -1.0,
"parlotear": -0.2,
"parloteo": -0.2,
"paro": 0.4,
"parodia": 0.3,
"parodiar": -0.2,
"parte floja": -0.2,
"partidario": 1.0,
"partidazo": 0.2,
"partidista": -0.2,
"parásito": -0.2,
"pasada": 0.4,
"pasar hambre": -0.2,
"pasar lor alto": -0.2,
"pasatiempo": 0.2,
"pasion": 0.9,
"pasivo": 0.6,
"pasión": 0.8,
"pasmado": 0.6,
"pasota": -0.2,
"pasotismo": -0.2,
"patada": 0.5,
"patriota": 0.2,
"patético": -0.3,
"paz": 0.6,
"pecado": 0.4,
"pecador": -0.2,
"pecadoramente": -0.2,
"pecaminosamente": -0.2,
"pecaminoso": -0.2,
"pecar": 0.6,
"pedante": -0.2,
"pedazo": 0.9,
"pedir": 0.3,
"pedófilo": -0.2,
"pega": 0.3,
"pegadizo": 1.0,
"pegajoso": 0.3,
"pegar": 0.2,
"pelea": 0.4,
"pelearse": -0.2,
"peligro": 0.3,
"peligrosamente": -0.2,
"peligroso": 0.2,
"pellizcar": 0.6,
"pellizco": 0.6,
"pelma": 0.2,
"pelmazo": -0.2,
"peloteo": -0.2,
"pelársela": -0.2,
"pena": 0.2,
"penalizar": -0.2,
"penar": -0.2,
"pencar": -0.2,
"pendejo": -0.2,
"pendenciero": -0.2,
"penetrante": 0.2,
"penitente": 0.2,
"penosamente": -0.2,
"penoso": -0.5,
"penumbra": -0.2,
"peor": -0.1,
"peor enemigo": -0.2,
"peque": 0.7,
"pequeño lujo": 0.2,
"percance": -0.1,
"perdedor": -0.2,
"perder": 0.3,
"perder el tiempo": 0.0,
"perder la esperanza": 0.6,
"perderse": 0.5,
"perdición": -0.2,
"perdido": -0.1,
"perdio": -0.2,
"perdon": 0.5,
"perdonar": 0.6,
"perecer": -0.2,
"pereza": 0.3,
"perezoso": -0.2,
"perfeccionamiento": 0.2,
"perfeccionar": 0.8,
"perfección": 0.9,
"perfectamente": 0.8,
"perfecto": 0.8,
"perito": 0.2,
"perjudicar": -0.2,
"perjudicial": 0.2,
"perjudicialmente": -0.2,
"perjuicio": 0.3,
"perla": 0.8,
"permiso": 0.8,
"permitir": 0.7,
"pernicioso": -0.2,
"pero": 0.2,
"perplejidad": -0.2,
"perplejo": -0.2,
"perra": 0.5,
"persecución": 0.6,
"perseguir": 0.6,
"perspicacia": 0.6,
"perspicaz": 0.2,
"perspicazmente": 0.2,
"persuasivamente": 0.2,
"pertinaz": -0.2,
"pertinazmente": -0.2,
"pertinente": -0.6,
"perturbación": -0.2,
"perturbar": -0.2,
"perversamente": -0.2,
"perversidad": -0.2,
"perversión": -0.2,
"perverso": -0.2,
"pervertido": -0.2,
"pervertir": -0.2,
"pesadamente": -0.2,
"pesadilla": 0.4,
"pesado": 0.4,
"pesar": 0.2,
"pesima": -0.5,
"pesimismo": -0.2,
"pesimista": -0.2,
"pesimo": -0.3,
"peste": 0.4,
"petardear": -0.2,
"petrificar": -0.2,
"petrificarse": -0.2,
"peyorativo": -0.2,
"pfff": -0.2,
"piadoso": 0.2,
"picado": 0.2,
"picadura": 0.5,
"picar": 0.4,
"picarse": 0.2,
"picota": -0.2,
"pifiar": -0.2,
"pifiarla": -0.2,
"pillaje": -0.2,
"pillo": 0.2,
"pinchar": 0.5,
"pinche": -0.2,
"pinga": -0.2,
"piojoso": -0.2,
"pipí": -0.6,
"piquete": -0.2,
"pisotear": -0.2,
"pizca": -0.4,
"placer": 0.8,
"plaga": 0.2,
"plagar": -0.2,
"plagiar": -0.2,
"playitaa": 0.2,
"pleno centro": 0.5,
"poblacho": -0.2,
"pobre": -0.1,
"pobreza": 0.0,
"pocilga": -0.2,
"poco": 0.2,
"poco amable": -0.2,
"poco amistoso": -0.2,
"poco apropiado": -0.2,
"poco claro": -0.5,
"poco delicado": 0.2,
"poco dispuesto": -0.2,
"poco fiable": -0.2,
"poco fidedigno": -0.2,
"poco honrado": -0.2,
"poco natural": 0.6,
"poco profundo": -0.2,
"poco prometedor": -0.2,
"poco práctico": -0.1,
"poco razonable": -0.2,
"poco rentable": -0.2,
"poderosamente": 0.4,
"poderoso": 0.9,
"podrido": -0.2,
"podrir": -0.2,
"polución": -0.2,
"polvoriento": -0.2,
"polémica": 0.4,
"polémico": 0.6,
"pomposo": -0.2,
"poner en libertad": 0.2,
"poner en peligro": -0.2,
"poner en ridículo": -0.2,
"poner enfermo": -0.2,
"poner nervioso": -0.2,
"poner obstáculos a": -0.2,
"poner pegas": 0.6,
"poner una emboscada a": -0.2,
"poner una multa": -0.2,
"ponerse de acuerdo": 0.2,
"popularidad": 0.6,
"populista": -0.2,
"por supuesto": 0.7,
"porfin": 1.0,
"porqueria": -0.2,
"porquería": 0.1,
"portazo": -0.5,
"positivamente": 0.6,
"positivo": 0.7,
"postizo": -0.2,
"postre": 0.9,
"potar": 0.2,
"potencial": 0.8,
"potenciar": 1.0,
"potente": 0.8,
"potentemente": 0.6,
"potra": 0.5,
"poético": 1.0,
"pragmático": 0.2,
"precariamente": -0.2,
"precariedad": -0.2,
"precario": -0.2,
"precaución": 0.8,
"precio abusivo": -0.2,
"precio asequible": 0.8,
"precio desorbitado": -0.1,
"preciosa": 0.9,
"preciosas": 0.9,
"preciosidad": 0.8,
"precioso": 0.8,
"precipitación": -0.2,
"precipitadamente": 0.6,
"precipitadamentemente": -0.2,
"precipitado": -0.2,
"precipitar": 0.6,
"preciso": 0.8,
"preferencia": 0.9,
"preguntarse": 0.2,
"prejuicio": 0.2,
"prejuzgar": -0.2,
"prematuro": 0.6,
"premiar": 0.2,
"premio": 0.8,
"preocupación": 0.4,
"preocupado": 0.2,
"preocupar": 0.4,
"preocuparse": 0.4,
"preparado": 0.7,
"prepotente": -0.2,
"presión": 0.2,
"preso": 0.0,
"prestigio": 0.7,
"prestigioso": 0.2,
"presumido": -0.2,
"presuntuosamente": -0.2,
"presuntuoso": -0.2,
"pretenciosamente": -0.2,
"pretencioso": 0.0,
"pretender": 0.5,
"prevaricación": -0.2,
"prevaricador": -0.2,
"prima": 0.9,
"primera categoría": 0.2,
"primitivo": 0.6,
"pringada": -0.2,
"pringado": -0.2,
"pringao": -0.2,
"pringar": -0.2,
"prioridad": 0.6,
"prisa": 0.0,
"prisionero": 0.6,
"prisión": -0.2,
"privación": -0.2,
"privar": -0.2,
"probar": 0.2,
"problema": 0.3,
"problemas": 0.3,
"prodigio": 1.0,
"prodigiosamente": 0.2,
"prodigioso": 0.2,
"productivo": 1.0,
"proeza": 0.2,
"profanar": -0.2,
"profesionalidad": 0.7,
"progresar": 0.2,
"progreso": 1.0,
"prohibir": -0.2,
"prolífico": 0.2,
"promesa": 0.5,
"prometedor": 0.6,
"prometedoramente": 0.2,
"prometer": 0.2,
"prominencia": 0.6,
"prominente": 0.2,
"pronto": 0.7,
"pronunciar mal": -0.2,
"propiciamente": 0.2,
"propicio": 1.0,
"proponer": 0.2,
"proporcionar": 0.5,
"propugnar": 0.2,
"proscrito": 0.6,
"prosperamente": 0.2,
"prosperar": -0.6,
"prosperidad": 0.2,
"protagonizar": 0.2,
"protección": 0.7,
"proteger": 0.8,
"protesta": 0.6,
"protestar": 0.6,
"provecho": 0.9,
"provechosamente": 0.2,
"provechoso": 0.7,
"providencia": 0.6,
"provocar": 0.2,
"provocativo": -0.2,
"proximidad": 0.4,
"prudencia": 1.0,
"prudente": 1.0,
"prudentemente": 1.0,
"práctico": 0.8,
"pródigo": -0.2,
"próspero": 1.0,
"publicidad engañosa": -1.0,
"pucha": 0.1,
"pudrir": -0.2,
"pudrirse": -0.2,
"pueril": -0.2,
"puf": -1.0,
"puff": -0.2,
"pulcramente": 0.2,
"pulcro": 0.6,
"pulir": 0.6,
"pulla": -0.2,
"puntapié": -0.2,
"puntual": 0.7,
"punzada": -0.2,
"puro": 0.7,
"puta": -0.1,
"putear": -0.2,
"puto": 0.2,
"putrefacción": -0.2,
"puñalada": -0.2,
"puñeta": -0.2,
"puñetas": -0.2,
"puñetazo": -0.2,
"puñetero": -0.6,
"pálido": -0.2,
"pánico": 0.6,
"pérdida": -0.3,
"pésame": -0.2,
"pésima": -0.4,
"pésimamente": -1.0,
"pésimo": -0.3,
"pésimo servicio": -0.1,
"pícaro": 0.6,
"que no tiene precio": 1.0,
"que tiene un valor de": 0.2,
"que tiene éxito": 0.2,
"que vale": 0.7,
"que vale la pena": 0.9,
"quebradizo": -0.2,
"quebrado": -0.2,
"quebrantar": -0.2,
"quebrantarse": -0.2,
"quebrar": -0.2,
"queja": 0.3,
"quejar": 0.1,
"quejarse": 0.1,
"quejica": -0.2,
"quejido": -0.2,
"quemado": 0.1,
"quemadura": 0.0,
"quemarse": 0.1,
"querer": 0.7,
"querido": 0.7,
"quia": 0.2,
"quiebra": -0.2,
"quiero": 0.5,
"quierooooo": 0.2,
"quinqui": -0.2,
"quisquillosamente": -0.2,
"quisquilloso": 0.6,
"quitar": 0.3,
"quitar importancia a": -0.2,
"quitar mérito": -0.2,
"quitarse de encima": -0.2,
"rabia": 0.0,
"rabiar": 0.6,
"rabieta": 0.1,
"racional": 0.9,
"racismo": -0.2,
"racista": -0.2,
"radiante": 0.6,
"rajar": 0.1,
"rajarse": 0.3,
"rallar": 0.5,
"ramera": -0.2,
"rancio": -0.2,
"rapidamente": 0.7,
"rapidez": 0.8,
"raquítico": -0.2,
"raramente": 0.4,
"raro": 0.1,
"rata": 0.3,
"rayar": 0.3,
"razonable": 0.8,
"razonablemente": 0.5,
"razonar": 0.2,
"razón": 0.6,
"reaccionario": -0.2,
"reaciamente": -0.2,
"reacio": 0.5,
"realización": 0.8,
"realizar": 0.6,
"realmente": 0.7,
"realzar": 1.0,
"reaparición": 0.2,
"rebelde": 0.6,
"rebuscado": 0.2,
"recaer": 0.2,
"recalcitrante": -0.2,
"recargo": 0.1,
"recaída": -0.2,
"recelar": -0.2,
"recelo": 0.3,
"recelosamente": -0.2,
"receloso": 0.6,
"recesion": -0.2,
"recesión": -0.2,
"rechazar": 0.1,
"rechazo": 0.5,
"recibir": 0.5,
"reclamacion": -0.3,
"reclamación": -0.7,
"reclamar": -0.4,
"recochineo": -0.2,
"recomendable": 0.8,
"recomendación": 0.7,
"recomendado": 0.9,
"recomendar": 0.7,
"recompensa": 0.5,
"recompensar": 0.2,
"reconciliación": 0.2,
"reconciliar": 0.2,
"reconfortante": 1.0,
"reconocer": 0.6,
"reconocimiento": 0.5,
"recortar": 0.4,
"recorte": 0.5,
"recortes": -0.2,
"recriminar": -0.2,
"rectificar": 0.5,
"rectitud": 0.2,
"recuerdos": 0.8,
"recuperar": 0.4,
"recuperarse": 0.2,
"recusar": -0.2,
"rediós": -0.2,
"reducción": 0.0,
"reducir": 0.2,
"reducir la velocidad": -0.2,
"redundante": -0.2,
"reemplazar": 0.0,
"refinado": 0.6,
"refinamiento": 0.2,
"refinar": 0.2,
"reforma": 0.1,
"reforzar": 0.7,
"refrescante": 0.6,
"refugiarse": 0.2,
"refugio": 0.2,
"refunfuñar": -0.2,
"refunfuñón": -0.2,
"refutar": 0.6,
"regalar": 0.8,
"regalo": 0.8,
"regañar": 0.6,
"regiamente": 0.2,
"regocijarse": 0.2,
"regocijo": 0.2,
"regresión": 0.2,
"regreso": 0.6,
"rehusar": -0.2,
"rehén": -0.2,
"reincidencia": -0.2,
"reincidir": -0.2,
"relajación": 0.7,
"relajado": 0.6,
"relajante": 0.7,
"relajar": 0.5,
"relajarse": 0.5,
"reluciente": 0.9,
"relucir": 1.0,
"remanso de paz": 0.6,
"remordimiento": -0.2,
"rencor": 0.6,
"rencorosamente": -0.2,
"rencoroso": -0.2,
"rendición": -0.2,
"rendir": 0.6,
"rendir culto a": 0.2,
"rendirse": -0.2,
"renombrado": 1.0,
"rentable": 0.8,
"renuncia": 0.5,
"renunciar": 0.5,
"renunciar a": 0.5,
"reparar": 0.6,
"reparo": 0.3,
"repartir": 1.0,
"repeler": -0.2,
"repentino": 0.6,
"reponerse": 0.6,
"reprender": -0.2,
"reprensión": -0.2,
"represión": -0.2,
"reprimir": -0.2,
"reproche": 0.6,
"repudiar": -0.2,
"repugnancia": -0.2,
"repugnante": -0.2,
"repugnantemente": -0.2,
"repugnar": -0.2,
"repulsa": -0.2,
"repulsar": -0.2,
"rertorcido": -0.2,
"rescisión": -0.2,
"reseco": 0.6,
"resentimiento": -0.2,
"resfriado": 0.6,
"resignación": -0.2,
"resistencia": 0.3,
"resistente": 0.9,
"resistir": 0.9,
"resolver": 0.5,
"respaldar": 0.2,
"respaldar a": 0.2,
"respaldo": 0.5,
"respetar": 0.6,
"respeto": 0.2,
"restar": 0.2,
"restaurar": 0.7,
"restringir": -0.2,
"resuelto": 0.7,
"retirar": 0.2,
"reto": 0.7,
"retorcer": 0.6,
"retorcerse": -0.2,
"retractarse": -0.2,
"retrasado": 0.6,
"retrasar": -0.2,
"retrasarse": -0.2,
"retraso": 0.2,
"retroceder": 0.3,
"retroceso": 0.2,
"reunir las condiciones necesarias": 0.2,
"revelación": 0.2,
"reventarse": 0.2,
"reverenciar": 0.2,
"revolcarse": 0.6,
"revoltoso": 0.6,
"revuelo": 0.1,
"rezagarse": -0.2,
"reír": 0.6,
"reñir": -0.2,
"rico": 0.6,
"ridiculamente": -0.2,
"ridiculas": -0.2,
"ridiculizar": -0.2,
"ridiculos": -0.2,
"ridículo": 0.3,
"riesgo": 0.2,
"rimbombante": -0.2,
"riqueza": 0.8,
"riquisima": 0.9,
"riquisimas": 0.9,
"riquisimos": 0.8,
"riquísimo": 0.7,
"risa": 0.7,
"riña": -0.2,
"robar": 0.2,
"robo": 0.3,
"robusto": 0.9,
"rogar": -0.2,
"rompecabezas": -0.2,
"romper": 0.2,
"romperse": 0.1,
"romántico": 0.8,
"roto": -0.2,
"rotura": 0.1,
"roña": -0.2,
"roñosa": -0.2,
"roñoso": -0.2,
"rudo": 0.3,
"rufián": -0.2,
"ruido": 0.3,
"ruidos": 0.3,
"ruidosamente": -0.2,
"ruidoso": 0.2,
"ruin": -0.0,
"ruina": -0.2,
"ruinas": -0.2,
"ruinoso": -0.2,
"ruptura": 0.2,
"rácano": -0.2,
"rápido": 0.8,
"sabiamente": 1.0,
"sabiduría": 1.0,
"sabio": -0.6,
"saborear": 0.2,
"sabotaje": -0.2,
"sabotear": -0.2,
"sabroso": 0.7,
"saciar": 0.2,
"sacrílego": -0.2,
"sacudida": -0.2,
"sagaz": 0.2,
"sagazmente": 0.2,
"sagrado": 1.0,
"salado": 0.5,
"salamanca para comérsela": 0.2,
"salir bien": 0.2,
"salir corriendo": -0.2,
"salirse de sus casillas": -0.2,
"saludable": 0.8,
"saludar": 0.2,
"saludo": 0.7,
"saludos": 0.7,
"salvación": 0.6,
"salvaguarda": 1.0,
"salvaguardar": 1.0,
"salvaje": 0.4,
"salvajemente": -0.2,
"salvar": 0.6,
"salvia": 0.2,
"sanción": -0.2,
"sangrante": 0.2,
"sangrar": -0.2,
"sangriento": -0.2,
"sangría": -0.2,
"sanguijuela": -0.2,
"sanguinario": -0.2,
"sano": 0.9,
"sanseacabó": -0.2,
"santo": 0.8,
"santuario": 0.2,
"santurrón": -0.2,
"saquear": -0.2,
"saqueo": -0.2,
"sarasa": -0.2,
"sarcasmo": -0.2,
"sarcástico": -0.2,
"sarpullido": -0.2,
"satisfacción": 0.7,
"satisfacer": 0.6,
"satisfactorio": 0.8,
"satisfecho": 0.8,
"saturar": -0.2,
"secta": -0.2,
"secuestrar": -0.2,
"sed": 0.3,
"seductoramente": 0.2,
"seguridad": 0.7,
"seguro": 0.7,
"selecto": 0.7,
"sencillo": 0.8,
"senil": -0.2,
"sensacional": 0.8,
"sensacionalmente": 0.2,
"sensatez": 1.0,
"sensato": 0.6,
"sensible": 0.3,
"sentar bien": 0.2,
"sentar mal": -0.2,
"sentido común": 0.8,
"separar": 0.1,
"separarse": 0.2,
"sequía": -0.2,
"ser aficionado": 0.2,
"ser efusivo": 0.2,
"ser injusto": -0.2,
"serenar": 0.2,
"serenarse": 0.2,
"serenidad": 0.2,
"sereno": 0.2,
"seriamente": -0.8,
"sermonear": -0.2,
"sermón": -0.2,
"serpentear": -0.2,
"servicio atento": 1.0,
"servicio exquisito": 1.0,
"servidumbre": 0.6,
"sesgo": 0.6,
"severamente": -0.2,
"severidad": -0.2,
"severo": 0.6,
"sexi": 1.0,
"señorial": 0.6,
"shock": 0.6,
"siiii": 0.2,
"silencioso": 0.7,
"simpaticamente": 0.2,
"simpaticos": -0.0,
"simpleza": -0.1,
"simplista": 0.6,
"simplón": -0.6,
"simpático": 0.5,
"sin": 0.3,
"sin blanca": -0.2,
"sin contratiempos": 0.4,
"sin defecto": 0.6,
"sin duda": 0.8,
"sin escrupulos": -0.2,
"sin esfuerzo": 0.9,
"sin fundamento": -0.2,
"sin motivo": -0.5,
"sin pena ni gloria": -0.2,
"sin razón": -0.4,
"sin sentido": -0.8,
"sin tacha": 0.2,
"sin valor": -0.2,
"sin éxito": -0.3,
"sinceramente": 0.7,
"sinceridad": 0.2,
"sincero": 0.8,
"singular": 0.7,
"siniestramente": -0.2,
"siniestro": -0.2,
"sinverguenzas": -1.0,
"sitiar": -0.2,
"snif": -0.2,
"sniff": -0.2,
"soberbia": 0.4,
"sobrepasar": 0.2,
"sobresaliente": 0.9,
"sobresalientemente": 0.2,
"sobresalir": 0.4,
"sobresaltar": -0.2,
"socavar": -0.2,
"sociable": 0.4,
"socorro": -0.2,
"sofisticado": 0.9,
"sofocante": -0.2,
"sofocantemente": -0.2,
"sofocar": -0.2,
"sofocarse": -0.2,
"sojuzgar": -0.2,
"soledad": 0.6,
"solemne": 0.2,
"solidamente": 0.2,
"solidaridad": 0.6,
"solidario": -0.6,
"solitariamente": -0.2,
"solitario": 0.6,
"sollozar": -0.2,
"sollozo": -0.2,
"solucionar": 0.5,
"solícito": 0.4,
"someter": -0.2,
"sonreír": 0.2,
"sonrisa": 0.8,
"soplón": -0.2,
"soportar": 0.3,
"sordo": 0.5,
"sorna": -0.2,
"sorry": -0.5,
"sosegado": 0.2,
"sosegar": 0.2,
"sosegarse": 0.2,
"soso": 0.2,
"sospecha": -0.1,
"sospechar": -0.6,
"sospechoso": -0.2,
"soñar": 0.8,
"soñar despierto": 0.2,
"suave": 0.8,
"suavizar": 0.8,
"suavizarse": 0.2,
"subdesarrollado": -0.2,
"subestimar": -0.2,
"subir": 0.6,
"subirse por las paredes": -0.2,
"sublevación": -0.2,
"sublime": 1.0,
"subscribirse": 0.2,
"suciedad": 0.3,
"sucio": 0.2,
"sucisimo": -0.2,
"sucumbir": -0.2,
"sudaca": -0.2,
"sudoroso": -0.2,
"suerte": 0.4,
"sueño": 0.8,
"sueños": 0.8,
"sufrimiento": 0.6,
"sufrir": 0.2,
"sufrir angustiosamente": -0.2,
"sugerencia": 0.5,
"sugerir": 0.7,
"suicida": 0.6,
"suicidio": 0.6,
"sumir": 0.3,
"sumiso": -0.2,
"suntuosamente": 0.2,
"superar": 0.9,
"superchería": -0.2,
"superficial": 0.1,
"superficialmente": -0.2,
"superfluo": -0.2,
"superior": 0.7,
"superiores": 0.8,
"superlativo": 0.2,
"suplicar": -0.2,
"supremo": 0.2,
"supresión": -0.2,
"suprimir": -0.4,
"surrealista": 0.6,
"susceptible": -0.2,
"suscribir": 0.8,
"suscribirse": 0.6,
"suspender": -0.2,
"suspensión": 0.5,
"suspenso": 0.0,
"sustituir": 0.3,
"susto": -0.0,
"sutil": 0.6,
"sí": 0.7,
"sólo": 0.3,
"sórdido": 0.6,
"súplica": -0.2,
"tabú": 0.6,
"tacaño": -0.2,
"tachar": -0.2,
"taimado": -0.2,
"tajantemente": -0.2,
"talento": 0.8,
"tambalearse": -0.2,
"tardío": 0.4,
"tartamudear": -0.2,
"tartamudeo": -0.2,
"temazo": 0.9,
"temblar": -0.2,
"tembloroso": -0.2,
"temblón": -0.2,
"temer": 0.3,
"temerario": -0.2,
"temeridad": -0.2,
"temerosamente": -0.2,
"temeroso": 0.1,
"temible": 0.6,
"temor": 0.6,
"tempestad": -0.2,
"tempestuoso": -0.2,
"tenacidad": 0.2,
"tenaz": -0.6,
"tenebroso": 0.4,
"tener antipatía a": -0.2,
"tener como protagonista a": 0.2,
"tener en cuenta": 0.8,
"tener miedo": 0.5,
"tener pavor a": -0.2,
"tener una avería": -0.2,
"tener éxito": 0.2,
"tensar": 0.2,
"tensión": 0.3,
"tenso": 0.4,
"tentación": -0.2,
"tentador": 1.0,
"tentadoramente": 0.2,
"tercamente": -0.2,
"tercermundista": -0.2,
"terco": 0.3,
"tergiversación": -0.2,
"tergiversar": -0.2,
"ternura": 0.7,
"terquedad": -0.2,
"terremoto": 0.2,
"terrible": -0.2,
"terriblemente": -0.1,
"terror": 0.3,
"terrorismo": -0.2,
"terrorista": -0.2,
"tesoro": 0.8,
"testarudez": -0.2,
"testarudo": 0.6,
"tetrico": -0.2,
"tiburón": -0.2,
"tierno": 0.9,
"tijeretazo": -0.2,
"timador": -0.2,
"timar": -1.0,
"timidamente": -0.2,
"timidez": -0.2,
"timo": 0.3,
"tinieblas": -0.2,
"tirano": -0.2,
"tiranía": -0.2,
"tiritar": -0.2,
"tiro errado": -0.2,
"tiránico": 0.2,
"titán": 0.2,
"tod@s": 0.8,
"todo": 0.7,
"todopoderoso": 0.2,
"tods": 0.2,
"tolerante": 0.2,
"tolerar": -0.2,
"tomadura": -1.0,
"tomadura de pelo": -1.0,
"tomar el pelo": -1.0,
"tomar represalias contra": -0.2,
"tontamente": -0.2,
"tonterías": 0.2,
"tonto": -0.4,
"torcedura": -0.2,
"torcer": 0.6,
"torcerse": 0.6,
"torcido": 0.2,
"tormenta": -0.2,
"tormento": -0.2,
"tormentoso": -0.2,
"torpe": 0.2,
"torpemente": -0.2,
"torrente": 0.2,
"tortazo": -0.2,
"tortuosamente": -0.2,
"tortuoso": -0.2,
"tortura": 0.6,
"torturar": -0.2,
"toscamente": -0.2,
"tosco": 0.3,
"totalitario": -0.2,
"trabajo duro": -0.2,
"tragedia": -0.2,
"traicionar": -0.6,
"traicioneramente": -0.2,
"traicionero": -0.2,
"traición": 0.6,
"traidor": -0.2,
"trama": 0.3,
"tramar": 0.4,
"trampa": 0.0,
"tramposo": -0.2,
"tranquilamente": 0.8,
"tranquilidad": 0.6,
"tranquilizar": 0.9,
"tranquilo": 0.6,
"transparente": 0.7,
"traste": 0.3,
"trasto inútil": -0.2,
"trastornado": -0.2,
"trastornar": -0.2,
"trastorno": -0.2,
"tratar con condescendencia": -0.2,
"trato": 0.5,
"trato familiar": 0.6,
"traumático": -0.2,
"travesura": 0.6,
"travieso": -0.2,
"trazar": 0.6,
"tremendo": 0.3,
"trincar": -0.2,
"triste": 0.1,
"tristemente": -0.2,
"tristeza": 0.5,
"triunfal": 0.2,
"triunfante": 0.2,
"triunfantemente": 0.2,
"triunfar": 0.6,
"triunfo": 0.9,
"triza": -0.2,
"trola": 0.3,
"tropezar": -0.2,
"tropezón": 0.5,
"truño": -1.0,
"tráfico": 0.3,
"trágico": -0.2,
"tufo": -0.2,
"tugurio": -0.2,
"tumba": 0.3,
"tumbarse al sol": 0.2,
"tumulto": -0.2,
"tumultuosamente": -0.2,
"tumultuoso": -0.2,
"turbación": -0.2,
"turbado": -0.2,
"turbar": -0.2,
"turbio": -0.2,
"turbulento": -0.2,
"tururú": -0.2,
"tétrico": -0.2,
"tímido": -0.2,
"títere": -0.2,
"tóxico": 0.2,
"ubicación fantástica": 0.4,
"ubicación ideal": 0.5,
"ultimátum": -0.2,
"ultrajar": -0.2,
"ultraje": -0.2,
"una y no más": -0.2,
"unirse": 0.2,
"unánime": 1.0,
"urgencia": 0.0,
"urgente": 0.2,
"urgentemente": 0.2,
"usurpar": -0.2,
"utilidad": 0.7,
"vacaciones": 0.6,
"vaciar": 0.4,
"vaciarse": 0.2,
"vacilar": -0.2,
"vacío": 0.3,
"vagabundo": -0.2,
"vago": -0.1,
"vaguear": -0.2,
"vale": 0.6,
"valedero": 0.2,
"valentía": 1.0,
"valerosamente": 0.2,
"valeroso": 0.2,
"validez": 1.0,
"valiente": 0.3,
"valientemente": 0.2,
"valioso": 0.9,
"valor": 0.6,
"valorar": 0.5,
"valorarse": 0.2,
"valorizarse": 0.2,
"vandalismo": -0.2,
"vanidad": -0.2,
"vanidosamente": -0.2,
"vanidoso": -0.2,
"vano": -0.2,
"vaya": 0.2,
"vaya por dios": -0.2,
"vedar": -0.2,
"veloz": 0.7,
"vencedor": 0.2,
"vencer": 0.6,
"vencer a": 1.0,
"vencido": 0.3,
"veneno": -0.2,
"venenosamente": -0.2,
"venenoso": -0.2,
"venerable": 0.2,
"venerar": 0.2,
"venganza": 0.4,
"vengativamente": -0.2,
"vengativo": -0.2,
"venir bien a": 0.2,
"ventaja": 0.7,
"ventajoso": 0.5,
"veraz": 0.6,
"verdad": 0.7,
"verdadero": 0.6,
"verdugo": -0.2,
"vergonzosamente": -0.2,
"vergonzoso": -0.9,
"verguenza": -0.7,
"vergüenza": -0.4,
"versatilidad": 0.8,
"versátil": 0.9,
"vertedero": -0.2,
"verídico": 0.2,
"vetar": -0.2,
"veto": -0.2,
"viabilidad": 0.2,
"viable": 0.9,
"vibrante": 0.9,
"vibrantemente": 0.2,
"vicio": 0.1,
"victimar": -0.2,
"victoria": 1.0,
"victorioso": 0.2,
"viejisima": -0.2,
"vigor": 0.2,
"vigorizante": 0.2,
"vigorizar": 0.2,
"vigorosamente": 0.2,
"vigoroso": 0.2,
"vil": 0.3,
"vilipendiar": -0.2,
"vilmente": -0.2,
"violación": -0.2,
"violador": -0.2,
"violar": -0.2,
"violencia": 0.4,
"violentamente": -0.2,
"violento": -1.0,
"virtud": 0.9,
"virtuosamente": 0.2,
"virtuoso": 0.2,
"virulencia": -0.2,
"virulentamente": -0.2,
"virulento": -0.2,
"virus": 0.4,
"visionario": 0.9,
"visita obligada": 0.2,
"vistas increíbles": 0.6,
"visto bueno": 1.0,
"vital": 0.9,
"vitalidad": 0.2,
"vitorear": 0.2,
"viva": 0.9,
"viveza": 1.0,
"vivo": 0.7,
"vociferante": -0.2,
"vociferar": -0.2,
"voladura": -0.2,
"volar": 0.2,
"volcar": 0.2,
"volátil": -0.2,
"vomitar": 0.6,
"vomitivo": -0.2,
"vulgar": -0.5,
"válido": 0.6,
"vándalo": -0.2,
"víbora": -0.2,
"víctima": -0.2,
"vómito": -0.2,
"wapa": 0.2,
"wifi gratuito": 0.5,
"yeah": 0.2,
"yermo": -0.2,
"yupi": -0.2,
"zarrías": -0.2,
"zopenco": -0.2,
"zoquete": -0.2,
"zorra": -0.2,
"zozobrar": -0.2,
"zumbado": -0.2,
"zumbido": 0.2,
"zurcido": -0.2,
"zurcir": -0.2,
"zurrar": -0.2,
"zángano": -0.2,
"ácido": 0.3,
"ágil": 0.6,
"ángel": 0.5,
"ánimo": 0.8,
"áspero": -0.2,
"épico": 0.8,
"ético": 0.7,
"éxito": 0.7,
"éxtasis": 1.0,
"ídolo": 0.2,
"ímpetu": 1.0,
"ínfimo": -0.2,
"íntegro": -0.6,
"íntimo": 0.8,
"ñam": 0.9,
"úlcera": -0.2,
"único": 0.7,
"útil": 0.8
}